Iterations	Crammer (2 passages)	cross_entropy (4 passages)	GEL ( 4)	GLL (4)	Hinge (4)	Large_margin (m=1, 5 passages)	Large_margin (m=4, 1 passage)	Lee (4)	surrogate_double_hinge (2)	surrogate_exponential (2)	surrogate_hinge (3)	surrogate_hinge_squares (3)	surrogate_sigmoid (3)	surrogate_squares (3)
500	0,1124588847	0,2404913753	0,1677631587	0,2331157327	0,1884572878	0,2336348653	0,2407483459	0,1918688416	0,0934416056	0,1005345583	0,1367872755	0,1339432398	0,1000205676	0,1037897468
1000	0,1135382354	0,3258120865	0,2372018844	0,2352744788	0,2279566713	0,3256373286	0,349609375	0,2024825364	0,1012026966	0,1104029715	0,2250548204	0,1112253269	0,1001233657	0,160875837
1500	0,0989926159	0,3448036611	0,2428813726	0,3305407166	0,2543045916	0,3296463847	0,3049958944	0,2311883271	0,1009457111	0,1141550243	0,2760074139	0,1242461602	0,0998492241	0,1313733459
2000	0,1198087931	0,2707391083	0,2425729781	0,2502569705	0,2208444625	0,29765625	0,2438322306	0,2982370555	0,1151829958	0,0971936584	0,2904673715	0,2013089259	0,0998834968	0,142338256
2500	0,1144633889	0,3405890241	0,2532123774	0,252903983	0,2402921934	0,3172902822	0,3462170959	0,2552169114	0,1001747549	0,1104543507	0,319695731	0,142680943	0,0995065769	0,2064487537
3000	0,1105057597	0,3655427545	0,2931486368	0,232421875	0,2504047565	0,2920024633	0,1390830874	0,2892423868	0,1005345285	0,1022306681	0,3346011639	0,160875837	0,0999177496	0,2049410542
3500	0,1116878986	0,4229543582	0,292351976	0,3200298101	0,2867560107	0,3278371692	0,5299136639	0,2663702816	0,1004317403	0,0999691486	0,275390625	0,2026110291	0,1001918912	0,1548451185
4000	0,1061369181	0,2446803004	0,2259714156	0,2175421566	0,1985826977	0,3375205517	0,4021381736	0,2377158701	0,1004317403	0,099609375	0,3135279417	0,248526593	0,1002261639	0,147580862
4500	0,1100945771	0,3666221201	0,25642474	0,3075657934	0,2601768076	0,3163034558	0,4653577209	0,181023851	0,099557966	0,1018708944	0,3103755514	0,2138157686	0,0999862949	0,1579290032
5000	0,1125616729	0,2562705725	0,2324475795	0,3047132045	0,2264982574	0,4067639709	0,2265625	0,2332185358	0,0995065868	0,1307565868	0,3544408083	0,2613075574	0,0999177496	0,2090186477
5500	0,1089124084	0,386384666	0,2384097576	0,2496916056	0,2458496094	0,3439350367	0,2659333944	0,331414476	0,0994551778	0,1144634187	0,3761650125	0,2561677893	0,1002603968	0,2395148079
6000	0,1197060049	0,3117804229	0,2249177694	0,4166581109	0,268265577	0,3377055883	0,3835320473	0,2294922024	0,099712193	0,0999691486	0,3892886341	0,2906729778	0,0995751222	0,208367606
6500	0,1317331493	0,3733552545	0,2459395528	0,3435444087	0,2736430913	0,38069489	0,4037829041	0,2763414979	0,1003289521	0,1311163604	0,4446272055	0,4371230801	0,0997464458	0,2616159519
7000	0,103464216	0,4368575141	0,2697368413	0,3674187809	0,2943693381	0,3205797672	0,2436266541	0,2771895528	0,1106085479	0,152240932	0,4304756025	0,4071751634	0,1003289421	0,3843201796
7500	0,1103515625	0,5021844283	0,2537520677	0,4868164137	0,338276118	0,4509046078	0,4851973653	0,3908819929	0,0999177694	0,099712193	0,4914336602	0,472176532	0,0998492241	0,343989869
8000	0,1106599569	0,5299650431	0,2437037528	0,3790861368	0,3158537224	0,4186060786	0,5177837312	0,3868215382	0,1000205576	0,1564555764	0,517338266	0,440069894	0,0999177694	0,4171806375
8500	0,1178556681	0,5093287528	0,2468390167	0,4416632429	0,3289216701	0,4501438975	0,6316817403	0,3495322838	0,099557966	0,2098067403	0,5138432086	0,5068188012	0,0999520421	0,4419887761
9000	0,1177014709	0,5031095743	0,2229646444	0,3876696229	0,3078613281	0,4793174386	0,5600329041	0,3417454809	0,1001233459	0,1722348034	0,5369723241	0,4203330477	0,0998492241	0,3940172791
9500	0,1442742646	0,5856805071	0,303402558	0,4638157934	0,3742932808	0,5048930883	0,4792351723	0,4067125767	0,0997635424	0,1890419424	0,490714093	0,4947231313	0,0995065967	0,4728275736
10000	0,1245888174	0,5874023438	0,3597604856	0,4666169807	0,3845921569	0,4904605329	0,4538445473	0,4772306681	0,0991981626	0,1832853556	0,5478001535	0,4898917178	0,0998149912	0,5343338748
10500	0,1313733757	0,5802580193	0,3806280941	0,5134919882	0,4014378693	0,4290707231	0,4405838847	0,4718081802	0,1258223653	0,1211451292	0,5623286764	0,5271381537	0,0997806986	0,50352934
11000	0,12890625	0,5269325674	0,4446957186	0,5407329425	0,4103168696	0,5844366729	0,5152138174	0,4774876684	0,1000205576	0,171875	0,5764459968	0,5151795546	0,1001576384	0,5238486826
11500	0,1428865194	0,5476459786	0,4324115887	0,5566920266	0,4199090283	0,5393297672	0,5355674326	0,539704971	0,0998663604	0,1388774812	0,5229920447	0,5330318014	0,0999520222	0,5120271444
12000	0,1302425861	0,5897923559	0,4477796033	0,596011512	0,4409565143	0,5569490194	0,5453330576	0,6196546033	0,099609375	0,1732113659	0,6111225386	0,5908374389	0,1001576185	0,5112732947
12500	0,1222245097	0,6209909543	0,3652857766	0,5987613052	0,4268156365	0,5428248465	0,5989925861	0,5957545117	0,1000719368	0,1702816486	0,5682908297	0,5643160641	0,1002604167	0,5409470995
13000	0,1441200674	0,6384919733	0,3849969059	0,5886102021	0,4390547872	0,6526521385	0,5162417889	0,6208624616	0,1002775431	0,1282380819	0,6472382148	0,5713061988	0,1004317403	0,5824424227
13500	0,1546052694	0,6041581035	0,3497892693	0,6271587238	0,4339278415	0,6343338847	0,6442228556	0,5997378603	0,1001747549	0,148386091	0,6191748877	0,6424753269	0,1000205477	0,5879591405
14000	0,1376953125	0,6321186274	0,2371761948	0,6236122474	0,4076505955	0,6193667769	0,5756579041	0,5864000842	0,0998149812	0,1363075674	0,6722519199	0,6012198528	0,0994723042	0,6164679329
14500	0,1530633271	0,6746504977	0,2502055913	0,6495939568	0,4318783432	0,67578125	0,6844161153	0,5858860984	0,099609375	0,1252056062	0,5818599164	0,585080872	0,0994723042	0,6578262051
15000	0,162057966	0,6612613052	0,3275853246	0,6358449832	0,4466873948	0,630694896	0,7398231924	0,5843441635	0,1001747549	0,1005345285	0,6769805451	0,5971765419	0,1000891129	0,6461074601
15500	0,1380037069	0,6844932139	0,410516046	0,6230982728	0,4640278099	0,6419202268	0,6312705576	0,6739566177	0,1003803611	0,132761091	0,6376781861	0,5565378269	0,1000205676	0,6982593139
16000	0,1586656868	0,6736996248	0,4744808823	0,6565069854	0,4908382948	0,6581825614	0,7412623465	0,6356393918	0,099712193	0,1090666056	0,6684827308	0,6189350287	0,1001918713	0,6570723653
16500	0,1516241729	0,6305252835	0,4756887406	0,7015830614	0,4898553146	0,6642475367	0,75	0,654990755	0,0998663604	0,1234580576	0,665535907	0,657106638	0,0999177496	0,6281181475
17000	0,1210423708	0,6938476637	0,4299701825	0,6066509038	0,4628777802	0,6895764798	0,7505139858	0,6442485601	0,1002261639	0,2095497251	0,7201548815	0,7025424838	0,1000548402	0,6661526859
17500	0,1456620097	0,7136615962	0,3993626609	0,6649362594	0,4809056316	0,6370065808	0,5574629903	0,6731599569	0,1001747549	0,1335834861	0,7190241218	0,6932908396	0,0996779005	0,6521724164
18000	0,1539884806	0,7105520144	0,3239103556	0,6475123391	0,4589907974	0,6972245038	0,7188527882	0,74043997	0,0998149812	0,1490542889	0,6672491729	0,7115885417	0,0997806986	0,6941817403
18500	0,1633943319	0,7202662453	0,4030633196	0,6203741841	0,4767745202	0,6591077268	0,7177220285	0,6853926778	0,1003289521	0,1124588549	0,6780427595	0,7158717116	0,0988555352	0,7169339359
19000	0,1575863659	0,6886050552	0,4308953509	0,7193924747	0,4991198117	0,6615542769	0,6818462312	0,6509817019	0,1001747549	0,205078125	0,7252604167	0,7044956088	0,1000205676	0,6992872755
19500	0,1532689035	0,7040501684	0,4216951057	0,6703844592	0,4873496592	0,6650082231	0,7184416056	0,6568924785	0,1009971201	0,2842310965	0,7092927595	0,7196409057	0,0994380514	0,7274533957
20000	0,1937705576	0,6957493871	0,4505293965	0,6944130287	0,5086155925	0,6452919424	0,7429070771	0,7184159122	0,1000719666	0,1205797493	0,734614859	0,7185786664	0,0999863148	0,7192639858
20500	0,1356908083	0,7349146791	0,3357833102	0,7134817019	0,4799676249	0,7149465412	0,7175164521	0,6869346201	0,099609375	0,1437088847	0,7370134344	0,69102934	0,1001576185	0,7336554329
21000	0,1652446687	0,6912263595	0,4019325599	0,7325760685	0,4977449141	0,7228001654	0,7100123465	0,6271587163	0,1000205874	0,2158717215	0,7500342627	0,6704358508	0,0997464458	0,7457510978
21500	0,1864206493	0,768092107	0,4346217141	0,6918431297	0,5202444	0,7560444057	0,75	0,7110659927	0,0999691486	0,1917660236	0,7489720434	0,6991844873	0,0997121731	0,6966488461
22000	0,1423725486	0,6872944124	0,5204050168	0,7347090915	0,5211952673	0,7301809162	0,7963610142	0,6154399738	0,099660784	0,1119962931	0,7335526347	0,6939418912	0,1002946695	0,6878426522
22500	0,1622121632	0,6927682981	0,4688013941	0,7321648821	0,5139866844	0,7292557538	0,7348889709	0,6906352788	0,0992496014	0,1715666354	0,7854303718	0,7060375611	0,1001576185	0,7091214408
23000	0,1324526966	0,7386410423	0,5001027882	0,7260742113	0,5243176846	0,7297697306	0,7648026347	0,7126593292	0,0999691486	0,2417249084	0,775390625	0,7460252196	0,1093407273	0,6835252196
23500	0,1856496632	0,7491262332	0,4755345434	0,7462479472	0,5391395967	0,7549753249	0,7516447306	0,6959035769	0,1001233459	0,287109375	0,7513363461	0,7533237388	0,0992324551	0,7147752196
24000	0,2067742646	0,7361996286	0,3133223653	0,7424701899	0,4996916121	0,7247532785	0,7586348653	0,6596936584	0,0997121632	0,1049033701	0,7140213797	0,7402343651	0,0996779005	0,7379043351
24500	0,1780427694	0,7108603977	0,3683696538	0,7357884496	0,4982653176	0,7136513174	0,7293379903	0,7483809628	0,0998663604	0,1965974569	0,7281044324	0,7352658957	0,099849244	0,7556195259
25000	0,1846217215	0,7164884917	0,3412828967	0,7477127835	0,4975264734	0,7106702328	0,6970600188	0,726254113	0,1002775729	0,1306023896	0,7546258171	0,7721011539	0,100089093	0,7738829503
25500	0,1288034618	0,7060032897	0,5031609833	0,6875000037	0,5063669346	0,7491159499	0,7637746781	0,7251747549	0,1001747549	0,1278268993	0,7446546058	0,7377329965	0,0999862949	0,758908992
26000	0,1557874084	0,7585834712	0,4930869564	0,7557308823	0,5407971796	0,7170847028	0,7046669424	0,7181589305	0,1005859375	0,1408306062	0,7664131025	0,7474986315	0,100466013	0,7392749439
26500	0,1885279715	0,738615334	0,5740388483	0,7538805529	0,5637656767	0,7589638114	0,7428042889	0,7348375805	0,099712193	0,1458676159	0,7537349214	0,7450657934	0,0996436278	0,7313939234
27000	0,1593852639	0,7385125421	0,6768349111	0,7302117608	0,5762361195	0,7639391482	0,7711759806	0,7404913679	0,1002775729	0,1583059132	0,7769668301	0,7373218238	0,100226144	0,7485951235
27500	0,2141242027	0,7613075636	0,6024619713	0,7390008196	0,5792236393	0,7692228585	0,7409539521	0,727539055	0,0999691784	0,1586657166	0,7812157323	0,6984991779	0,0998835166	0,7625411203
28000	0,1916118264	0,7393092029	0,5668945238	0,7708675973	0,5671707876	0,7380139768	0,7985197306	0,7615388557	0,1000205576	0,1361533701	0,796258226	0,7486293912	0,1005002658	0,7764528493
28500	0,1769634187	0,7179790288	0,6026675664	0,7332956418	0,5577264139	0,7527549326	0,7254317403	0,7399773896	0,1002775431	0,1579975188	0,7427357435	0,749143367	0,0997121731	0,7896107435
29000	0,1832853556	0,7368935086	0,6086040214	0,7705335133	0,5748290997	0,7432771385	0,7206003368	0,6906866729	0,1003289521	0,1291118562	0,7739172131	0,7286869486	0,100466013	0,7596970946
29500	0,1915604472	0,7505653761	0,42871093	0,7369962968	0,5269582625	0,7101768106	0,7967721969	0,7612561658	0,1000719368	0,1799444854	0,7718955527	0,7595600337	0,1003289421	0,7451000462
30000	0,1623663604	0,747532893	0,5020045154	0,7347604856	0,5366660636	0,7657483578	0,7330386639	0,7253032476	0,0998663604	0,2502569854	0,7546258221	0,762815242	0,1005345384	0,7514391442
30500	0,2213712931	0,7536749616	0,5228978172	0,7796566598	0,5694001829	0,7734991759	0,7491776347	0,7412880324	0,0998149514	0,3005756736	0,7838541667	0,7752193014	0,1002604167	0,775870343
31000	0,164113909	0,7221936695	0,5681537725	0,756476149	0,552734375	0,7637746662	0,7978001684	0,7370220013	0,0996607542	0,3118318319	0,7625411203	0,7648026347	0,1005687912	0,7805989583
31500	0,1891447306	0,7634919845	0,4680818245	0,7393092103	0,5400069375	0,7462376684	0,7706620097	0,7680150047	0,1001233757	0,3379934132	0,7749451796	0,7716557036	0,0999863148	0,7895764808
32000	0,2026110291	0,7524414063	0,5604440719	0,7342722081	0,5624421788	0,7606702298	0,6795847118	0,7680921033	0,1000719368	0,220805943	0,7829290032	0,7563048253	0,100089093	0,7701480339
32500	0,1976253986	0,7493832223	0,531892471	0,7708162069	0,5624293247	0,7464227021	0,8148643076	0,7602025047	0,1002775431	0,3082339466	0,7707305402	0,7720326185	0,1000890732	0,7729920546
33000	0,1968544424	0,7391807139	0,6196032017	0,7355571538	0,572798878	0,7399259895	0,76953125	0,7589175552	0,1002261639	0,3227282166	0,768057843	0,7847450674	0,1001233657	0,7634662837
33500	0,1644736826	0,7255088352	0,6330695003	0,7703536227	0,5733514102	0,7724300981	0,6684827209	0,7391807139	0,1005345285	0,3774670959	0,759148851	0,7875890881	0,0999520421	0,7954015881
34000	0,2056948841	0,7520302236	0,6737253256	0,7635947764	0,5987613024	0,7481496662	0,7041529715	0,7647769265	0,099660784	0,4149876535	0,7600397517	0,7585663398	0,1002946695	0,7908443014
34500	0,1884251535	0,7306486443	0,6784025505	0,7513106465	0,5871967487	0,7201891482	0,8145559281	0,7160773017	0,099609375	0,1917146444	0,7699081699	0,770387888	0,099986275	0,7688802133
35000	0,1754214764	0,7857216261	0,6802528761	0,7688373774	0,602558339	0,7872327298	0,7487664521	0,7403628752	0,0997635722	0,2827919424	0,7799821844	0,7661389858	0,1002946695	0,7612733046
35500	0,2080592215	0,7622070275	0,5034693703	0,7489720359	0,5556769138	0,7555509895	0,766241774	0,7244808786	0,0994552076	0,3070518076	0,7594572355	0,7319078992	0,0998834968	0,7844709406
36000	0,1558902264	0,7654451057	0,4915964082	0,7402086779	0,5382851046	0,7350740105	0,6423725188	0,749177631	0,1002775729	0,3234991729	0,7782689134	0,7742255976	0,0992667278	0,7883771956
36500	0,1904810965	0,7648026273	0,5528628677	0,7321648933	0,5600778712	0,7310444057	0,7664473653	0,7542917356	0,099712193	0,2087787688	0,7942708333	0,8015693476	0,1003632148	0,7974232435
37000	0,1823087931	0,7694284543	0,5216385797	0,7461194471	0,5548738185	0,7686677635	0,751336351	0,7415193282	0,1002775431	0,1437602937	0,7669956138	0,7648711552	0,1001233459	0,7850534519
37500	0,1616468132	0,7135587968	0,4750462472	0,7489463352	0,5247995481	0,7708264798	0,7863897979	0,7444233187	0,1001233459	0,2097039521	0,8099986315	0,7892680913	0,100466013	0,7878974775
38000	0,2088302076	0,7748252451	0,5492393188	0,7536492571	0,5716360072	0,7727590472	0,7892680913	0,6851099879	0,0998663604	0,2283100486	0,7867667278	0,8028714359	0,1031044523	0,7829632709
38500	0,2161801159	0,7332442477	0,5597502105	0,7191354856	0,5570775149	0,7320723712	0,6598478556	0,740414273	0,1004317701	0,2781661153	0,7928659568	0,8027686427	0,1286664009	0,7945449551
39000	0,2012746632	0,7383840494	0,6116879135	0,7586862706	0,5775082242	0,75859375	0,7192639709	0,7682976983	0,0998149514	0,4013671875	0,7787143638	0,7865611265	0,099369506	0,797731633
39500	0,1754728854	0,7635176778	0,5243883729	0,7624640241	0,55646074	0,7473684251	0,7678865194	0,7449115999	0,0994551778	0,3498149514	0,8021861315	0,7838884294	0,0996436477	0,789679274
40000	0,2023026049	0,787109375	0,5250051357	0,7713815793	0,5714496737	0,7877055943	0,8062294424	0,7444747128	0,099557966	0,2272306681	0,7701480289	0,7793311377	0,1105742852	0,803351149
40500	0,1925370097	0,7503854893	0,5225123465	0,7641601525	0,5573987495	0,7658717096	0,7934827358	0,7376644798	0,0999691486	0,2087273896	0,7940995047	0,7714158495	0,1002604167	0,8051329454
41000	0,1999897063	0,7543174364	0,5788959712	0,7614360601	0,5736597935	0,716180101	0,8036595434	0,6667608991	0,1004317403	0,2940481007	0,7917694598	0,8019120047	0,1000548204	0,804447641
41500	0,203073591	0,7215254977	0,3952251151	0,7735402957	0,5233411249	0,7758223712	0,7537006587	0,7093441598	0,0994037688	0,1755242646	0,7970120609	0,7986567964	0,1005002856	0,8023231924
42000	0,1676603556	0,7631321922	0,4345960096	0,7374331839	0,5257054353	0,7494860142	0,765625	0,7461194508	0,1000719666	0,2280016243	0,7874520322	0,802974234	0,1005687912	0,7888569037
42500	0,1706928611	0,7446289025	0,3336502835	0,7513877526	0,5000899499	0,7616570711	0,7357113361	0,757478416	0,1001233757	0,2349917889	0,8021518687	0,779536734	0,1560786764	0,7776521345
43000	0,1940275431	0,7105777189	0,3662109226	0,7762386948	0,5117637198	0,7640213788	0,7633634806	0,7247121744	0,0999691486	0,1990131438	0,7953330576	0,7791598141	0,099849244	0,7856359631
43500	0,2042043507	0,7467876151	0,4465203509	0,7882658318	0,5464445371	0,764288649	0,8063322306	0,7764699794	0,0999691784	0,2105776966	0,7865611315	0,8073259294	0,0995408297	0,7796737949
44000	0,1711554229	0,7544716299	0,5270610526	0,7865439989	0,5598080261	0,7867598653	0,7964638174	0,680304274	0,0999691784	0,2130962312	0,7968064696	0,7920435866	0,0991639296	0,8136307547
44500	0,1875	0,734888982	0,5752724186	0,7529810853	0,5626606215	0,7809004933	0,8134251684	0,7416221239	0,1002261639	0,1589227021	0,8134594262	0,7911869486	0,0999863148	0,8123286714
45000	0,2192125916	0,7666015662	0,578741774	0,7635176815	0,5820184033	0,7773231924	0,7340666056	0,7643657476	0,1007915437	0,1663240194	0,8081140369	0,8028029054	0,0999177694	0,7956757148
45500	0,2062602937	0,7821237631	0,5812345706	0,7725637369	0,5855455911	0,7251439124	0,766961351	0,752467107	0,0998149812	0,1886821687	0,7930030227	0,789919128	0,1232524713	0,7840254953
46000	0,2083675861	0,7675524317	0,666658096	0,7856959254	0,6070685098	0,7622738481	0,751336351	0,7261770181	0,099660784	0,2432668507	0,7906387051	0,7919065207	0,1051946481	0,786012888
46500	0,2024054229	0,7614103593	0,6240234412	0,7666529603	0,5886230459	0,7836554259	0,8084909469	0,7420333028	0,1000719666	0,2692742646	0,7879317453	0,7894051522	0,1000205676	0,8045847019
47000	0,1876027882	0,7422902919	0,679995887	0,7776264362	0,5968788508	0,7868215472	0,7598684281	0,7345805839	0,1000719368	0,3977693319	0,7833401859	0,7842653493	0,099609375	0,8046189696
47500	0,2142269611	0,7671412416	0,7149465457	0,7906815372	0,6217490714	0,7864720434	0,7375616729	0,7491005324	0,0998663604	0,2229132354	0,8007469823	0,772580872	0,0998149713	0,7799136539
48000	0,1703844666	0,7499229051	0,7337839194	0,7784231119	0,6081286008	0,7762746692	0,7698396444	0,7613589689	0,0999691486	0,1365645528	0,8010896395	0,7991022468	0,0993352532	0,7961211652
48500	0,1881681681	0,7963610217	0,3431846276	0,7400030792	0,5169292241	0,7355879873	0,8047903031	0,7260742262	0,1002261341	0,3041735291	0,810067157	0,7971833895	0,1000548402	0,8085252196
49000	0,2133018076	0,7793739699	0,4684930071	0,7837942019	0,5612407466	0,7735814154	0,6853412688	0,7158974074	0,1007915437	0,3582442403	0,7828262051	0,7995819648	0,0991296371	0,8130482485
49500	0,1941817403	0,7595857345	0,5629111901	0,7603824027	0,5692652669	0,7865337163	0,7663445771	0,7521587163	0,0998149514	0,2080592215	0,8031112949	0,79882813	0,0999862949	0,8017406762
50000	0,2042043507	0,8086708449	0,478849709	0,7760074064	0,5669330778	0,7979029596	0,8002672642	0,7635947801	0,099609375	0,3507401347	0,8048930913	0,7634662837	0,1002947092	0,8006784519
50500	0,1787109375	0,8009868413	0,5695158243	0,7642372549	0,5783627145	0,7720189124	0,7280016541	0,763826061	0,1001233459	0,1326583028	0,7783374439	0,8117118975	0,099609375	0,8071888685
51000	0,1552734375	0,770867601	0,5479543656	0,7832545228	0,5643374817	0,7866159499	0,7473272979	0,7556280866	0,1000719666	0,1980366111	0,7910841554	0,8098273029	0,0999520222	0,7780290594
51500	0,1920230389	0,7833573185	0,4310238585	0,7651110254	0,5428788103	0,7916529626	0,7942022979	0,7450914904	0,0997635722	0,1993215382	0,7848478605	0,8009868413	0,167249163	0,7660019149
52000	0,1830283701	0,7736173905	0,4773848765	0,7723581456	0,5515971957	0,7793585539	0,768914476	0,7542146407	0,0993523896	0,1451994181	0,8031112949	0,7897478094	0,0999177496	0,7888569087
52500	0,1920744181	0,7731548138	0,534025494	0,7827919424	0,5705116671	0,773046872	0,7674753219	0,7550884113	0,1000205576	0,3615337312	0,7978001684	0,8024259855	0,1002603968	0,816166391
53000	0,2047697306	0,7703793123	0,5573345013	0,7755191214	0,5770006664	0,7881167799	0,7711759806	0,7390265204	0,1000719368	0,3591179848	0,7926260978	0,8001302133	0,0994723042	0,8109580576
53500	0,1943359375	0,7796566598	0,5424290746	0,7958470434	0,5780671788	0,7400287807	0,6375411153	0,7331671454	0,0998149812	0,2924547493	0,8073259344	0,8101699551	0,1002604365	0,8201069087
54000	0,1907894611	0,7973632775	0,6342259459	0,7606650926	0,5957609443	0,7720805913	0,8004728556	0,7614874542	0,0999691784	0,2749280632	0,7942365656	0,8029399663	0,0998149713	0,8022203942
54500	0,1955694854	0,7668328471	0,6502107345	0,7368935086	0,5873766439	0,758203125	0,7498972118	0,7781147249	0,1004317403	0,3086965382	0,801637883	0,794442157	0,1003631949	0,7945106924
55000	0,2040501833	0,7742341682	0,5429944545	0,7751079388	0,5740966862	0,7862253308	0,765008226	0,7270250879	0,1000719666	0,3077200055	0,7981428156	0,80859375	0,1004317403	0,7963267565
55500	0,1913548708	0,7947419807	0,6053916588	0,7802477367	0,5929340618	0,7730879962	0,7995477021	0,7588661611	0,1004317701	0,1470497549	0,7832373927	0,8073259294	0,1004317403	0,8109580626
56000	0,1648334563	0,7866467945	0,479903385	0,785464637	0,5542120682	0,7776521415	0,828741774	0,7565275468	0,1000719368	0,1418585479	0,7884457211	0,7927631537	0,0997807185	0,8168517003
56500	0,1628289521	0,7846422717	0,5141087472	0,7645199411	0,556524978	0,7608552665	0,8153782934	0,7501798905	0,1000205576	0,2560135722	0,7850534568	0,8151384294	0,0996779005	0,8093133221
57000	0,1940789521	0,767886512	0,5664319545	0,7660361864	0,5736084012	0,7827919394	0,8156866729	0,7222707644	0,1000719666	0,3324424326	0,7885142515	0,8071888685	0,1033443014	0,8047217677
57500	0,1887849569	0,7733604051	0,6009971276	0,7659076899	0,5822625449	0,776007399	0,7919407934	0,6807925627	0,1001233459	0,3048931062	0,7843338797	0,8072916667	0,1006716092	0,8094846507
58000	0,1734169424	0,756990131	0,5780735947	0,7844623737	0,5732357604	0,7850740135	0,7777549326	0,7872378752	0,1005859375	0,2646998465	0,794682016	0,8094161203	0,180544138	0,8113692453
58500	0,1851356924	0,7782432139	0,6096062921	0,7688887753	0,5854684934	0,7762129933	0,760382399	0,7006321959	0,1004831493	0,2798622549	0,7913240145	0,812979718	0,1741022468	0,8184621731
59000	0,1806640625	0,7725637369	0,5361328162	0,7825606503	0,5679803165	0,7552631557	0,788445726	0,7171309628	0,1000719666	0,2247635722	0,8032826235	0,8078399152	0,0998835166	0,8014665594
59500	0,1985505819	0,765830595	0,5879163332	0,7822265662	0,5836310191	0,7662417769	0,8081825674	0,7470446192	0,0995065868	0,2981599569	0,7861156762	0,8200383782	0,1005345384	0,7891310304
60000	0,2218338847	0,8035310432	0,6464072838	0,777960524	0,6124331839	0,8003083855	0,7405427694	0,739591904	0,099557966	0,3139391541	0,805783997	0,8192502757	0,1003289421	0,7922149102
60500	0,2133018076	0,7773694471	0,6479749233	0,7480982728	0,5966861127	0,7916940778	0,802117601	0,7725637332	0,0993523896	0,4191509187	0,7988966554	0,7960526297	0,1003974676	0,8004043301
61000	0,2158717215	0,7870579809	0,6836965494	0,7717156671	0,6145854797	0,7881990135	0,8201069087	0,7311369255	0,0998149812	0,335886091	0,7979372243	0,8095531811	0,0997121731	0,8138020833
61500	0,1903783083	0,7758275084	0,6712068245	0,7739771791	0,6028474551	0,7815378278	0,7663445771	0,7528268918	0,1002261341	0,3348067403	0,7813870609	0,7986567964	0,1001576185	0,7893708895
62000	0,1987047493	0,7970805913	0,5017475225	0,7933542319	0,5727217738	0,77578125	0,7829975337	0,7581979819	0,1004317403	0,1506990194	0,8205180913	0,8093818525	0,0998834968	0,8102042228
62500	0,2131989896	0,7811215036	0,5551243871	0,7900904603	0,5848838352	0,7982113481	0,7646998316	0,7483038679	0,1001747549	0,3394839764	0,7993421058	0,804687495	0,1000205676	0,8141104728
63000	0,2041529417	0,7919664904	0,6024105772	0,7739000805	0,5931075225	0,7666118413	0,7676809281	0,7592259459	0,1005345285	0,2348889709	0,7913925449	0,8103755514	0,0999177694	0,8191817403
63500	0,209035784	0,7847193666	0,6426552199	0,7770867608	0,6033742828	0,7691200674	0,7264597118	0,7778834291	0,0997121632	0,2868523896	0,8065378269	0,8020147979	0,1000890732	0,8261033446
64000	0,1823087931	0,7403114699	0,658999797	0,7814812921	0,590775338	0,7745476931	0,8229852021	0,7703793161	0,0998663902	0,3499177694	0,7954358508	0,8052357435	0,1607044935	0,8087650786
64500	0,1951068938	0,7911184169	0,6948499158	0,7594829425	0,6101395423	0,7718544453	0,7913240194	0,7938939109	0,0997635722	0,2900390625	0,813596492	0,8192845434	0,1288377245	0,817742601
65000	0,1988075674	0,7569130398	0,7190069854	0,7652652115	0,609998201	0,755633226	0,767578125	0,7837428041	0,099712193	0,2858758271	0,7980057547	0,820929274	0,099609375	0,8103412837
65500	0,2123252451	0,7604338005	0,6567125842	0,7764442824	0,6014789781	0,8010074019	0,6836965382	0,7622327283	0,0998149812	0,2735916972	0,7837856362	0,8188048204	0,0995065967	0,8031455626
66000	0,2005550861	0,7879574411	0,7295435853	0,8026572764	0,6301783472	0,7651726961	0,6958264709	0,7781404182	0,0999177694	0,253803432	0,7975945721	0,8102384905	0,1001233459	0,8083881587
66500	0,1869346201	0,791015625	0,6074732691	0,7481496707	0,5833932962	0,7901521385	0,7787828892	0,743960727	0,0999177396	0,3483244181	0,8053385417	0,818599234	0,1001576185	0,814932843
67000	0,2160773277	0,7419048101	0,5155993104	0,7727179267	0,5615748437	0,7936677665	0,818359375	0,7592773475	0,0997121632	0,4425884187	0,8066748927	0,8119517565	0,1674205065	0,8028714359
67500	0,162109375	0,7833573185	0,5627826899	0,8093904182	0,5794099504	0,7974095404	0,7595600337	0,7552426048	0,1000719666	0,3780324906	0,7992735704	0,8180852532	0,0998149514	0,8285361826
68000	0,1747533083	0,7979543582	0,426243823	0,8000102751	0,5497404411	0,7932154596	0,7679893076	0,7755448185	0,1004831493	0,3876952976	0,7767269711	0,8121573478	0,0997807185	0,8170915594
68500	0,1843647063	0,7691200636	0,4999486022	0,7743112668	0,5569361597	0,7846217096	0,8213404566	0,745759666	0,0999691784	0,2997018993	0,777103891	0,8199013174	0,0992324551	0,8236705065
69000	0,1780941486	0,7566560395	0,5439453088	0,7777035385	0,5640997589	0,7957853615	0,836554274	0,7669356503	0,0994551778	0,1607216299	0,7937568525	0,8191817453	0,0996779005	0,8056811939
69500	0,1892989278	0,781558387	0,5833675899	0,7774465494	0,5829178635	0,783984372	0,8175370097	0,7464278378	0,099557966	0,1382092834	0,8133909007	0,8025630464	0,099609375	0,8160978605
70000	0,2047697604	0,7817896754	0,577636715	0,7288754098	0,5732678901	0,7933388174	0,804070726	0,7343235984	0,1000719666	0,3383018076	0,7869723141	0,7695655127	0,100089093	0,8136992852
70500	0,2071854472	0,7905273438	0,4504522979	0,7706106119	0,5546939252	0,795867601	0,819695726	0,787931744	0,1004317701	0,3324938416	0,799684763	0,8242530177	0,1001233657	0,800781255
71000	0,1964946389	0,7640830576	0,4720651656	0,7608192787	0,5483655352	0,772491774	0,8227796108	0,7827662416	0,099609375	0,453793183	0,8000616779	0,8017406762	0,1004317602	0,8148643076
71500	0,201069057	0,7861842141	0,3668791205	0,7601511106	0,5285708755	0,7881990075	0,7596628219	0,7572214268	0,1003289521	0,390676409	0,7861156811	0,81054687	0,1003974875	0,7982456138
72000	0,1891447604	0,7492804267	0,4912623391	0,7900904566	0,5549444957	0,7990131587	0,824835524	0,7663702741	0,0999691486	0,3766447306	0,8018092116	0,8075657884	0,1000548204	0,8036252707
72500	0,203227818	0,8010639362	0,5288342983	0,7807360217	0,5784655185	0,7911595404	0,7709703892	0,7627981082	0,1004317403	0,3604029715	0,8004728605	0,8118146956	0,1660841505	0,8091077308
73000	0,2163343132	0,7922491804	0,5574629866	0,7581722885	0,5810546922	0,7865748376	0,787726149	0,7204461321	0,1000719666	0,378854841	0,7894051572	0,8147957772	0,0995065967	0,8254865706
73500	0,1782483757	0,7805561274	0,5792300515	0,7898077704	0,5819605812	0,7756784528	0,7676809281	0,7435752451	0,1002775729	0,4233655483	0,8140419424	0,8038993975	0,098752737	0,8089021345
74000	0,1980366111	0,7841282897	0,6004060395	0,7887027152	0,5928184139	0,7843338817	0,8095189184	0,7492290288	0,1002261639	0,3388671875	0,8090734631	0,8248355289	0,0998834968	0,8302837163
74500	0,2022512257	0,8013723306	0,6008429378	0,7687859759	0,5933131175	0,7899876654	0,8283305913	0,7818153761	0,1010999084	0,3993626833	0,8191132098	0,8191132098	0,0998835166	0,8126027981
75000	0,1716179848	0,772486642	0,5763003752	0,7560135722	0,5691046435	0,765234372	0,8122944087	0,7800935432	0,0997635722	0,3165604472	0,8025630464	0,8062979728	0,1002603968	0,8169544985
75500	0,2079564333	0,773951482	0,6454564072	0,7945363894	0,605475178	0,7796052665	0,7908100337	0,7703279257	0,099609375	0,4287109375	0,8145901809	0,8035224775	0,100328962	0,8024945209
76000	0,2046155632	0,7660361864	0,5187088959	0,7401572801	0,5573794814	0,7811266422	0,79296875	0,7424444854	0,099712193	0,1888363659	0,8078741779	0,7707990656	0,0995751023	0,8110265881
76500	0,218698591	0,7490748353	0,5555612668	0,776726976	0,5750154173	0,7858758241	0,7688116729	0,7745168619	0,0999177396	0,3665707409	0,7999931475	0,8029057036	0,0996779203	0,7994106362
77000	0,1821032166	0,766961351	0,5798725337	0,8025030829	0,5828600461	0,7750822335	0,7927631587	0,7378957681	0,099660784	0,351511091	0,795401593	0,8176398029	0,1000205676	0,8190446794
77500	0,1731085479	0,7663702667	0,5824681371	0,7932000384	0,5787867475	0,7899465442	0,7969778031	0,7579152994	0,0999177694	0,2369962931	0,8008497804	0,8090049326	0,0994380315	0,8133223703
78000	0,1901212931	0,7898334675	0,4777446613	0,7966951057	0,5635986319	0,7975328922	0,8041735142	0,7741313726	0,0999691784	0,1516241729	0,7717927595	0,8010553767	0,1004317602	0,7696340481
78500	0,1658614278	0,7926860601	0,6043379977	0,7831774242	0,5865157275	0,7969366789	0,83984375	0,751439143	0,1006887257	0,1470497549	0,7920778493	0,8117461602	0,0993009806	0,81640625
79000	0,2102179229	0,7845908701	0,6675575599	0,803042762	0,6163522787	0,8130345434	0,7990337163	0,7528782934	0,0997121632	0,3245785534	0,7925232997	0,7976973653	0,1001233657	0,8033854216
79500	0,1959806979	0,7754934207	0,6981907859	0,7707904987	0,6101138508	0,7951891422	0,7243009806	0,7243523858	0,0997635722	0,2721011639	0,7777549426	0,8253495047	0,1670093338	0,8086965432
80000	0,1624691486	0,7661646791	0,6826685816	0,7938939147	0,601299081	0,8032689124	0,7566817403	0,7192125767	0,1001233459	0,4329769611	0,8177083383	0,8344983608	0,1332922379	0,8075315257
80500	0,1694592834	0,7825606503	0,5413754135	0,7863384001	0,5699334368	0,7694284528	0,7801192403	0,714509666	0,0999691784	0,3641550243	0,8023231924	0,8230879953	0,1001576185	0,8208950112
81000	0,2063630819	0,7694798484	0,430689767	0,80293997	0,5523681669	0,7841282904	0,8097245097	0,7464792393	0,1000205576	0,3173828125	0,8097930402	0,8280564696	0,1002603968	0,8195243975
81500	0,1778885722	0,7910927236	0,4473427162	0,7973375842	0,553415399	0,7932565778	0,7741570771	0,7761615925	0,0993009806	0,3103927076	0,7993763685	0,8323396345	0,0999862949	0,8114377707
82000	0,2145867646	0,7928916551	0,5060649626	0,76660157	0,5700362381	0,7613075703	0,6634457111	0,8002415746	0,1004317403	0,3865645528	0,8044819087	0,8091077308	0,1001576185	0,8169544935
82500	0,1859066784	0,7865696996	0,5571289025	0,7852847464	0,5787225068	0,7847039491	0,7652138174	0,7101408318	0,0999691784	0,3838404715	0,7980400175	0,8062637051	0,099849244	0,8238075674
83000	0,2046155334	0,79296875	0,4689812884	0,7703022175	0,5592169473	0,7651726961	0,8174342066	0,7542146407	0,0997635424	0,3996710628	0,7824835529	0,8171600898	0,1001919111	0,8207579503
83500	0,2131989896	0,8014494255	0,4300986901	0,8137335517	0,5646201642	0,7749177635	0,7443462312	0,756656047	0,0999691784	0,1759868264	0,810307016	0,7980400274	0,0998835166	0,8175712725
84000	0,216848284	0,7557822801	0,4641498774	0,7521073185	0,54722194	0,7800370038	0,815069899	0,7544459291	0,1004317403	0,1478721499	0,8041392515	0,8118146906	0,1003632148	0,8216831138
84500	0,1770147979	0,7708419003	0,4617855623	0,7800164446	0,5474146763	0,7915501624	0,8305921108	0,7553710938	0,0999177694	0,2489720285	0,807976976	0,829221487	0,1001233459	0,8186677645
85000	0,2062088847	0,7810187079	0,5286286995	0,8114463389	0,5818256577	0,7847450644	0,7742598653	0,7538034543	0,1001747549	0,2019942403	0,8056126634	0,8139391492	0,100226144	0,8275767515
85500	0,2484066784	0,7966694087	0,5712633729	0,7954101563	0,6029374041	0,7642680973	0,8015008271	0,7361996286	0,1000719666	0,2286184132	0,8092790544	0,8117461652	0,1000891129	0,8213061939
86000	0,1995785236	0,7952302657	0,5975277498	0,7946905866	0,5967567815	0,7965049386	0,7349917889	0,7364052199	0,0999691486	0,3048416972	0,802494516	0,8278166056	0,1000548204	0,8138706187
86500	0,1540912688	0,7848221622	0,6136153489	0,7833059244	0,5839586761	0,7956620097	0,7800164521	0,7687859759	0,1001747549	0,4087685049	0,8158237388	0,8026658446	0,0998492241	0,8190446844
87000	0,2183388174	0,8091334291	0,307462994	0,7853361443	0,5300678462	0,801726976	0,7288240194	0,7647255361	0,1001233459	0,2911697924	0,8042763124	0,7784745097	0,1005002856	0,8113349775
87500	0,1987047493	0,7961297259	0,1865234375	0,7749794424	0,4890843388	0,7811677635	0,7874177694	0,7577867992	0,1007401347	0,34765625	0,7906044473	0,8241502196	0,1669407884	0,8134251634
88000	0,214895159	0,78340872	0,2173879594	0,7692999579	0,4962479491	0,7633840501	0,792351976	0,7455540672	0,1004831493	0,400442034	0,8049616218	0,819455867	0,1670778592	0,8227110753
88500	0,20703125	0,7725637332	0,2977487668	0,7982627451	0,5189016238	0,7871504933	0,7615131587	0,7589946575	0,1001747549	0,3629728556	0,8091762612	0,8189418813	0,1165021857	0,8225397468
89000	0,2335012257	0,7893965878	0,340229243	0,7885742188	0,5379253188	0,8012952268	0,758429274	0,7919664867	0,0994037986	0,3538240194	0,8020833333	0,7934484631	0,100466013	0,8190789471
89500	0,2235300243	0,7973118871	0,4317691252	0,7804019302	0,5582532417	0,7784333885	0,7266652882	0,7901161611	0,0995065868	0,3592208028	0,8148300449	0,8283991218	0,1005002856	0,8265145322
90000	0,2298519909	0,7954615504	0,4706003331	0,7829718329	0,5697214268	0,7692639798	0,8165090531	0,7793739736	0,0992496014	0,3930920959	0,8119517515	0,8148985753	0,1002946695	0,815549617
90500	0,2114000916	0,8028114699	0,5068873204	0,7988281287	0,5799817527	0,7610197365	0,7745682597	0,7860043198	0,0997635722	0,3661081344	0,8053385367	0,8091419935	0,0998149713	0,8013294935
91000	0,2380242646	0,7692742571	0,4460834637	0,787109375	0,5601228401	0,7860197365	0,8332647979	0,7172080614	0,1003289223	0,3716591448	0,8045504391	0,817262883	0,0998149713	0,8087308059
91500	0,177734375	0,7817125805	0,5053454041	0,8082339615	0,5682565803	0,7839432538	0,8260690719	0,7985197343	0,1002261639	0,3649259806	0,8243900786	0,8134594311	0,1003289421	0,8228138685
92000	0,2434724569	0,8021175973	0,5365440063	0,8018863089	0,5960050924	0,7847861856	0,803351149	0,7800678462	0,0999691486	0,3455489278	0,7978686988	0,8270970384	0,100089093	0,8092447917
92500	0,2138157785	0,791015625	0,5049598999	0,8012695313	0,5777652087	0,7748766392	0,794305101	0,7344520986	0,1003289223	0,1274670959	0,8097587774	0,8163034519	0,100226144	0,8190789471
93000	0,2477384806	0,7664987631	0,5159333944	0,8127312921	0,5857254826	0,7793174326	0,7775493413	0,7709960975	0,099609375	0,3352179229	0,8035224775	0,7975260417	0,0998834968	0,8173999488
93500	0,2296977639	0,8153011948	0,4776932448	0,7677837163	0,57261898	0,7939555943	0,7931743413	0,6945415288	0,1001233757	0,2920949757	0,8106154054	0,8144188623	0,0997121533	0,8067434182
94000	0,2321648896	0,7922748737	0,375	0,8055869676	0,5512566827	0,7960526317	0,7965666056	0,7974146791	0,1000719666	0,3174342215	0,8211006025	0,8316543351	0,0996093551	0,825932016
94500	0,2452713549	0,789550785	0,4649208337	0,7954615541	0,5738011319	0,8105879933	0,7931743413	0,7716642655	0,0990953743	0,3608655334	0,7758018076	0,8134594311	0,0997807185	0,8273369024
95000	0,2200863659	0,7785259038	0,493189767	0,7869808786	0,5696957288	0,7832442403	0,7744654566	0,7166169845	0,0998149812	0,4935238361	0,7977659007	0,809210524	0,0996436477	0,8131853044
95500	0,1947984993	0,7751850337	0,4619397596	0,778962791	0,5527215209	0,7878289461	0,7725123316	0,7189812884	0,1001747549	0,4979954809	0,8191817453	0,8204495609	0,1001918912	0,824698468
96000	0,2626439333	0,7933799326	0,4825246707	0,7971576862	0,5839265557	0,7879728585	0,7507195771	0,7573242188	0,1000205576	0,4089226723	0,809210524	0,8098615656	0,1001918912	0,8277138174
96500	0,2348889709	0,7936112285	0,5261101872	0,7753135338	0,5824809801	0,7997121751	0,7912212163	0,727230683	0,099609375	0,4516344517	0,8019120047	0,8101014296	0,1005002856	0,8271998366
97000	0,2400287986	0,7966180108	0,5130037069	0,8001387753	0,5874473229	0,8082648039	0,7696340531	0,7534950636	0,1001233757	0,3394839764	0,7736430864	0,8213061939	0,100089093	0,8243900786
97500	0,2760587931	0,7849763557	0,4769222811	0,8039936237	0,5854877634	0,7655633241	0,792351976	0,7582236826	0,1004317403	0,4387849271	0,793825383	0,8292900225	0,1000891129	0,8280907323
98000	0,2194695771	0,8036852404	0,5183490962	0,7850277536	0,5816329168	0,7746916115	0,7023026347	0,7668071501	0,0999691486	0,1932051778	0,8033168862	0,8217859119	0,0991981824	0,8277480801
98500	0,250102818	0,7647769339	0,4846062921	0,7797080576	0,5697985254	0,7998972058	0,8036595434	0,7811986022	0,0999177694	0,2278988361	0,8100328942	0,8115405689	0,0995408495	0,8102384855
99000	0,2510279715	0,7951788642	0,4966848306	0,8059467487	0,5872096037	0,7861430973	0,7869037837	0,749203328	0,099557966	0,2262541056	0,8007469823	0,8191817403	0,0994723241	0,8111979167
99500	0,2353001833	0,8090820313	0,403602995	0,7952816635	0,5608167183	0,8076891482	0,7771381587	0,7375359796	0,1001747549	0,3127570152	0,8095189085	0,8304550399	0,1001576384	0,8253495047
100000	0,2075966001	0,7841282897	0,4984580465	0,7797337584	0,5674791737	0,7869860232	0,7808388174	0,7879317403	0,1002775431	0,3849712312	0,8206894199	0,8035224775	0,1000205477	0,8222313623
100500	0,2326274812	0,7922491767	0,4938836396	0,8089792356	0,5819348833			0,7207545303	0,0997635722	0,3122943938	0,8137335529	0,8115748366	0,1005002856	0,8309004903
101000	0,2445003986	0,805818256	0,5386513285	0,7818153799	0,5926963408			0,7450657934	0,1004317701	0,3160464466	0,8183251123	0,7926260978	0,1001576185	0,8170915594
101500	0,2594058514	0,7843081802	0,3273283243	0,7595857307	0,5326570217			0,747250203	0,1001233459	0,4098992646	0,8206894199	0,8251439134	0,100226144	0,8166803718
102000	0,2171052694	0,7972090878	0,2562705576	0,7769325674	0,5118793705			0,7955129519	0,1002775729	0,4235197306	0,7793311427	0,8280907373	0,0994380315	0,8178796619
102500	0,2238384187	0,8148643076	0,2839227095	0,7907843329	0,5283524422			0,7756733149	0,1000205874	0,3120888174	0,8104440769	0,8132538398	0,0997121731	0,8247669935
103000	0,2803248465	0,8026315793	0,3327251151	0,7834087126	0,5497725634			0,782689143	0,1002775431	0,4585217983	0,8137678156	0,8207579454	0,1654331088	0,818359375
103500	0,2318564951	0,7852333486	0,3620219976	0,8010639399	0,5450439453			0,7670898438	0,1002261639	0,4872018844	0,8152754953	0,8265830576	0,1073876023	0,8298725337
104000	0,2668585479	0,7988795228	0,3947368413	0,804379113	0,5662135063			0,7727693245	0,1009457409	0,3420024514	0,8073944598	0,7985540082	0,0997464458	0,8148300399
104500	0,2553454041	0,7876747549	0,4400442094	0,7740799785	0,5642860867			0,7699424364	0,0999691784	0,3493010104	0,8098958333	0,8306263685	0,0999862949	0,8206894199
105000	0,2036390007	0,806332238	0,3408717066	0,8138363473	0,5411698231			0,7336040363	0,099609375	0,4001850486	0,8207236826	0,8048245559	0,100089093	0,8263432036
105500	0,2338096201	0,7732576057	0,3962016851	0,8059724532	0,552310341			0,7416478209	0,0998663604	0,3429276347	0,8138706088	0,8086622804	0,0998149713	0,8182908446
106000	0,2632606924	0,7866981961	0,4451583102	0,7543688305	0,5623715073			0,7651624195	0,0998663604	0,287212193	0,8137335529	0,8078399102	0,0998835166	0,8199355801
106500	0,2576069236	0,7891652994	0,5168071464	0,7750051394	0,5846461272			0,8016807139	0,099609375	0,3272512257	0,8061266442	0,8118146956	0,1003631949	0,8218201747
107000	0,2779605389	0,7972090878	0,4923930839	0,7909899242	0,5896381587			0,766267471	0,099506557	0,3542866111	0,79882813	0,827028508	0,0998834968	0,8036252707
107500	0,2370476723	0,7971319929	0,5790758729	0,7475842871	0,5902099563			0,7608706802	0,0999691486	0,4097450674	0,8212034007	0,8299753269	0,100466013	0,8171943525
108000	0,2485094368	0,7985454351	0,640625	0,7994963005	0,6217940431			0,7681178041	0,1003289521	0,4364206493	0,8008155127	0,819216013	0,099232475	0,8250411203
108500	0,2719983459	0,7972347885	0,6780170612	0,7729235142	0,6300434275			0,6926398017	0,0997121632	0,4772306532	0,8171258221	0,815549612	0,1328467727	0,8144188623
109000	0,2811472118	0,8036595397	0,681949012	0,7771124616	0,6359670563			0,7753135264	0,0998663604	0,3287931681	0,814453125	0,8247669985	0,1001233459	0,8233278543
109500	0,2668585777	0,7749280408	0,6504677236	0,8134251609	0,6264198758			0,7832545228	0,1001747549	0,3006270528	0,7895764808	0,8164405177	0,1001233459	0,8219229728
110000	0,2244551778	0,786800988	0,6688939221	0,780864507	0,6152536487			0,7634405866	0,1000205576	0,1869860291	0,8195586652	0,8335389247	0,1001233657	0,8261376123
110500	0,2384868264	0,7918636948	0,6666324027	0,7695826441	0,616641392			0,7722553462	0,1001747549	0,2251233459	0,8209635417	0,7816611876	0,1002946695	0,8109237949
111000	0,2609477937	0,8105211742	0,5164730698	0,8042506166	0,5980481636			0,7922234759	0,099712193	0,349609375	0,8005413959	0,8199355801	0,0998492241	0,8207579503
111500	0,2084190249	0,7903217524	0,5371350795	0,8150699027	0,5877364399			0,7633377872	0,1002775431	0,2923519611	0,8187705626	0,8022889296	0,1003632148	0,8128083845
112000	0,2633634806	0,7691714652	0,5286030062	0,8118318245	0,5932424441			0,7791940831	0,0999177694	0,3723787069	0,8249040544	0,7994106362	0,1000205874	0,8191474775
112500	0,2590974569	0,8070775084	0,3917814493	0,7600483149	0,5545011824			0,7344264016	0,0998663604	0,4591385722	0,8103755514	0,8230537275	0,1004317403	0,820072641
113000	0,2561163604	0,7690686695	0,4283511564	0,7617701441	0,5538265826			0,7599969208	0,1000719666	0,5044202358	0,8227796058	0,8138706138	0,0998834968	0,8164747804
113500	0,2608449757	0,7980828546	0,546540916	0,7992393114	0,6011770144			0,7420847043	0,1002261639	0,447882399	0,8127741267	0,8297354728	0,1005002856	0,8232593189
114000	0,3080283701	0,8055355661	0,5438939109	0,7867238931	0,6110454351			0,7822265625	0,0999177694	0,2744140625	0,8138020883	0,8189761539	0,1001918713	0,8222998877
114500	0,2687088847	0,8231136948	0,5487510338	0,7618215457	0,6005987898			0,7604851983	0,1001747549	0,265625	0,8038651347	0,8241159519	0,1002946695	0,8283305913
115000	0,2845394611	0,8085423484	0,4414319545	0,7943307981	0,5822111405			0,7274362631	0,0999177694	0,2618215382	0,810546875	0,8141104678	0,1001918713	0,8291872243
115500	0,2661903501	0,7681692019	0,5563065335	0,7969777919	0,5969109694			0,7690172754	0,099660784	0,3937088847	0,8141447405	0,8167146345	0,1674205065	0,811403508
116000	0,2723581195	0,7837428041	0,596833881	0,7911184207	0,6110133063			0,7897306755	0,1001233459	0,3349609375	0,8179824551	0,8180509855	0,131578962	0,8254523029
116500	0,2614103556	0,7776521407	0,4559004977	0,809210524	0,5760433795			0,7732062042	0,1003289521	0,3761821687	0,8233278543	0,821648851	0,1001576384	0,8197642515
117000	0,2287726104	0,7641601525	0,4860454276	0,7972090915	0,5690468205			0,7749794386	0,1004831195	0,3577816784	0,8101356924	0,8211006025	0,1001233657	0,8117804229
117500	0,2665501535	0,7901161574	0,5284488052	0,7959755324	0,5952726621			0,7834344171	0,1004831195	0,4262952209	0,7985197405	0,8170230289	0,100226144	0,8280564696
118000	0,2827919424	0,7898077704	0,5713661499	0,8180252872	0,6154977875			0,7284642272	0,1005345285	0,3675472885	0,8111293862	0,798828125	0,0997807185	0,8167489072
118500	0,2844366729	0,8085423559	0,6192948148	0,8034025468	0,6289190976			0,7304430529	0,099660784	0,2716899812	0,8043791056	0,7985197355	0,1003289223	0,830934758
119000	0,2825863659	0,7866210975	0,6088867188	0,7974660769	0,6188900648			0,7974403799	0,0994551778	0,3426192403	0,7979029566	0,8218887001	0,1004317204	0,8288103044
119500	0,2840768993	0,775082238	0,6705900505	0,7808388211	0,6276470022			0,7267937921	0,099557966	0,2375617027	0,8186677645	0,8310375561	0,1001918912	0,8019462725
120000	0,2781661153	0,7894993834	0,6618780866	0,8099814951	0,6348812701			0,7475071922	0,0996607542	0,3539268076	0,810786734	0,8343955626	0,0999177893	0,8145901809
120500	0,2399773896	0,7819952741	0,6199115962	0,7939196154	0,6089509688			0,7633891851	0,1001233757	0,3439041972	0,8086280177	0,801398024	0,0992667079	0,8247669985
121000	0,2735916674	0,7964895144	0,6099403836	0,7787057906	0,614681839			0,7788342908	0,1001747549	0,3971525431	0,810546875	0,8391584406	0,1003974676	0,8133909007
121500	0,2813527882	0,7849249616	0,53047904	0,8136821575	0,6026097368			0,7472245023	0,0999691784	0,4068667889	0,8110608558	0,8325452358	0,1667351921	0,8116091043
122000	0,2787314951	0,8068462163	0,644968126	0,7873663642	0,6294780504			0,7824578509	0,1001747549	0,5073499233	0,8030084968	0,8262404054	0,1026247342	0,8065720995
122500	0,2766241729	0,799162209	0,6660413295	0,7942794003	0,6340267779			0,7695569545	0,099660784	0,3667763174	0,8100328942	0,8351493975	0,0999177496	0,8147272468
123000	0,2777035236	0,7763414867	0,6593081839	0,7998817861	0,6283087451			0,7672183402	0,1001747549	0,4525596201	0,8003357997	0,8228481362	0,0999862949	0,8240474214
123500	0,2765213847	0,8024516851	0,5794356577	0,8078741804	0,616570727			0,7882915288	0,0997121632	0,3188219666	0,8044133782	0,8069832772	0,0993009806	0,8324767003
124000	0,2862356007	0,7944335863	0,650082238	0,7941252105	0,6312191589			0,768400494	0,0992496014	0,3591180146	0,8003700674	0,8332990656	0,0997464458	0,8249725898
124500	0,2788856924	0,7755448148	0,7179790325	0,7947676778	0,6417943044			0,7646484375	0,099660784	0,2900390625	0,8143503318	0,8206551522	0,0994723042	0,8192845384
125000	0,2690172791	0,7707648054	0,6830026731	0,817228619	0,6350033442			0,7758018114	0,0998149514	0,37109375	0,8165775736	0,8137335529	0,1003974676	0,8201754391
125500	0,2793482542	0,7807617225	0,4836297333	0,775082238	0,579705487			0,7383840457	0,1000205576	0,3055098653	0,8230879953	0,8238760928	0,100226144	0,8157552034
126000	0,2701480389	0,7994963005	0,5614720397	0,8016293161	0,6081864238			0,7446032055	0,0994551778	0,3421052694	0,8144188573	0,8248697966	0,1006030838	0,8212034007
126500	0,2446546257	0,8085166514	0,4679276422	0,8069490157	0,5820119837			0,7583521754	0,0999691486	0,4743523747	0,8215117902	0,8295984119	0,1003632148	0,8232935866
127000	0,2440378368	0,8000102788	0,4837068208	0,7931486443	0,5802258952			0,74072266	0,1002261341	0,3597347736	0,7905701747	0,8257264296	0,1669408083	0,8132538398
127500	0,2827919424	0,7890881971	0,5274465531	0,8055612706	0,6012219908			0,71191407	0,1000719666	0,4213609993	0,8152069648	0,8048930913	0,0995751023	0,8126713286
128000	0,2641344666	0,7781147212	0,4326171987	0,8003700674	0,5688091135			0,7899362668	0,0998663604	0,4302528799	0,8079427034	0,8046875	0,099609375	0,8115748366
128500	0,2615645528	0,79296875	0,4730417281	0,8032483533	0,5827058461			0,7596628293	0,0999177694	0,3273540288	0,7991707772	0,8293928156	0,0993695259	0,8299068014
129000	0,2670641541	0,8100071959	0,5994037837	0,8018349111	0,6195775112			0,800472863	0,1002775729	0,2883429229	0,8148985704	0,8191474775	0,1001576384	0,8095874439
129500	0,2678865194	0,7805818208	0,6493369639	0,8040964231	0,6254754318			0,7621813305	0,1006373465	0,3618421257	0,818839093	0,8264459968	0,0999862949	0,8108209968
130000	0,2644942403	0,7774979435	0,5609066486	0,7940995097	0,5992495855			0,7450914867	0,0998149514	0,4689555913	0,8077713847	0,8234991779	0,1002261639	0,8216145833
130500	0,2641858459	0,7885228209	0,4851716608	0,762541119	0,5751053616			0,7719212584	0,099609375	0,3858963847	0,7853618413	0,8153440207	0,1002947092	0,8162006537
131000	0,295024693	0,8185906634	0,4688527957	0,7983912379	0,5952148475			0,7758789063	0,1000719666	0,5109991729	0,8064693014	0,8322368413	0,1000548204	0,8168517003
131500	0,2838713229	0,7744397558	0,4887952283	0,8018863052	0,5872481531			0,7267166935	0,1001747549	0,4561060965	0,8179824551	0,8198670497	0,0996436477	0,8175370047
132000	0,2825349271	0,7990594171	0,5188887678	0,7968492992	0,5993331028			0,7264340073	0,0999177694	0,4581620097	0,8028371731	0,8110951185	0,0997121533	0,8070860704
132500	0,26953125	0,7944849916	0,5235917047	0,7998046912	0,5968531594			0,7563990466	0,1002261639	0,3355777264	0,8043105801	0,8307976971	0,0989583333	0,8274739583
133000	0,2181332111	0,811703328	0,5542506166	0,8028114699	0,5967246564			0,8040964231	0,1000719368	0,2633120716	0,8147957822	0,8090049326	0,0998149713	0,8182223141
133500	0,1829769611	0,7997275926	0,5881990083	0,7869808823	0,5894711111			0,6946186274	0,1009971201	0,3407175243	0,8130139758	0,7982798765	0,0993009806	0,8185649713
134000	0,2914782166	0,7406455576	0,4467002377	0,7770096585	0,5639584176			0,768374797	0,1000719368	0,4186369181	0,8150699039	0,8073944598	0,1663582722	0,8231907884
134500	0,3070518076	0,7858758233	0,5930047221	0,8056383617	0,6228926787			0,7478926815	0,0997121632	0,4672594517	0,8036595384	0,8085594873	0,1215049426	0,8040707211
135000	0,2270764709	0,7968492992	0,6318873353	0,8020404987	0,614463401			0,7606136948	0,1001233757	0,2854646444	0,8053728044	0,8290844262	0,099609375	0,8004043301
135500	0,2654708028	0,8038651347	0,5431743413	0,7797080614	0,598054585			0,7862613089	0,0999691486	0,3238075674	0,812260141	0,8035567453	0,0996779005	0,8165775736
136000	0,2498972118	0,7447830997	0,5914114006	0,8121402115	0,5995579809			0,744577501	0,0998149812	0,2870065868	0,8010553718	0,8251781811	0,1001918912	0,8278508782
136500	0,2681948841	0,8071803004	0,5064247474	0,8043534122	0,596538336			0,7640573569	0,0991467834	0,1734683514	0,8132538398	0,8141789983	0,0999520222	0,8239103605
137000	0,2179276347	0,8001130745	0,5046515241	0,8109066598	0,5833997233			0,7689144798	0,1000719368	0,2899876833	0,7998560816	0,8124657323	0,1004317403	0,8263774663
137500	0,2726665139	0,7699167356	0,5836245902	0,8188476563	0,611263874			0,7596114278	0,1001233757	0,2102179229	0,7957099775	0,826171875	0,0992324551	0,8276110192
138000	0,2846936882	0,7986482307	0,6344058402	0,7967979051	0,628636416			0,7687602788	0,099660784	0,2311882973	0,8139391492	0,8160978605	0,0998492241	0,8192845384
138500	0,2718955576	0,8103412837	0,660464637	0,7839740962	0,6316688936			0,7687345818	0,0999691486	0,24609375	0,8128769149	0,827028513	0,0998149713	0,8170915544
139000	0,2989823222	0,80078125	0,6775030792	0,7863127105	0,6408948405			0,7831774279	0,1004317403	0,3707853556	0,8163719823	0,8355263174	0,1002604167	0,8294956138
139500	0,2657791972	0,7876490541	0,6936163679	0,779296875	0,6315853735			0,8001387753	0,0999177694	0,421155408	0,7886855801	0,8218201747	0,0999520421	0,8246642053
140000	0,2960526347	0,7750051394	0,6935392655	0,7962325215	0,6402073903			0,7532123774	0,1003803611	0,3208264709	0,812260141	0,8120545497	0,1005002856	0,8255208383
140500	0,3054584563	0,812988285	0,7137900963	0,7944592945	0,656674033			0,7585834712	0,099712193	0,3213918805	0,806880484	0,8231907934	0,0997806986	0,8228138685
141000	0,2758018076	0,7963867225	0,7179019339	0,8075657897	0,6494140634			0,7521330193	0,1003803611	0,3663651347	0,8190446844	0,8252467116	0,1001575987	0,8147615145
141500	0,2918379903	0,7841025926	0,7253032476	0,8057154603	0,6517398227			0,7869037837	0,1000719666	0,4304070473	0,8113349775	0,8220600337	0,0999520222	0,8251439134
142000	0,2815583944	0,7691714689	0,7265625	0,801912006	0,6448010923			0,7658819892	0,1001233459	0,4933182597	0,8140419424	0,8283305913	0,1004317403	0,8130825162
142500	0,2927631736	0,8060238436	0,499177631	0,7983398438	0,599076123			0,7754934207	0,1002261639	0,4650493413	0,8090392003	0,8210663348	0,0996779203	0,8082168301
143000	0,2905016243	0,8193873353	0,5220754556	0,793585524	0,6063874848			0,7522101104	0,1002775729	0,4066097736	0,8063322355	0,837273851	0,1002604167	0,8156866729
143500	0,2752878368	0,8026058823	0,5449732691	0,8035567403	0,6066059321			0,7618215457	0,1001233757	0,3668277264	0,8195586602	0,8345326235	0,0999177893	0,8219915032
144000	0,2752364278	0,7953073569	0,5369551741	0,7885485217	0,5990118701			0,7693770602	0,0997121632	0,3907277882	0,8255208333	0,7941337725	0,1005002856	0,8312431524
144500	0,2683491111	0,789859172	0,2327559516	0,8086451478	0,5249023456			0,7419562116	0,0997635722	0,1686369181	0,8165433109	0,8259662886	0,1003632148	0,829221492
145000	0,2877775729	0,7995733991	0,3087736368	0,8096731082	0,5514494292			0,7591231503	0,0994551778	0,2990337312	0,7995134294	0,8181537837	0,100466013	0,8323396395
145500	0,2762129903	0,7692999616	0,3917300403	0,7987510301	0,5589985056			0,7481239736	0,1000205576	0,2421875	0,8104783446	0,8085594873	0,0998149514	0,8286389808
146000	0,2843338847	0,8050986826	0,4366519302	0,7971062921	0,5807976974			0,7359683402	0,1001747549	0,3315172493	0,8305235753	0,822265625	0,1001919111	0,8304550449
146500	0,2679378986	0,7906301394	0,5781507045	0,7998046875	0,6091308575			0,7920949832	0,1002775431	0,3561369181	0,8234991779	0,8167146395	0,1001233459	0,8180167228
147000	0,2942022979	0,7847707644	0,5910516009	0,8066406287	0,619166323			0,7687859721	0,1001233459	0,3764391541	0,8199013174	0,8163034568	0,1002261639	0,8185649713
147500	0,2980057597	0,7867238894	0,4830900505	0,8211348653	0,5972386412			0,7663188688	0,1005345285	0,3785464466	0,813836351	0,82226563	0,0999177694	0,8287760367
148000	0,2901932299	0,7699938305	0,5997378752	0,8288788348	0,6222009426			0,7785516009	0,099660784	0,3783408552	0,8136307597	0,7986225287	0,1002946695	0,8288445721
148500	0,2793482542	0,7954358533	0,654296875	0,8066748877	0,6339389676			0,7703793198	0,0997121632	0,4529194236	0,8150356362	0,8327165544	0,099986275	0,8270970384
149000	0,2645456493	0,7943564989	0,6813579351	0,7698739022	0,6275334964			0,7442434207	0,0998663604	0,2835115194	0,7939624389	0,8338473141	0,1000548204	0,8098273029
149500	0,2849506438	0,802425988	0,7070569471	0,7949561377	0,6473474291			0,7828176431	0,0995065868	0,28125	0,820072641	0,8294956187	0,0998492241	0,8190789471
150000	0,2646484375	0,8245271407	0,5692845285	0,7954701235	0,6134825575			0,7880859375	0,1002775431	0,1501850188	0,8168174376	0,8070860753	0,0993352532	0,8301809231
