Iterations;Entropy;GEL;GLL;M-SVM Weston;M-SVM Lee;Surrogate Hinge;Surrogate Hinge Squares;Surrogate Squares;Surrogate Saturated Hinge;Surrogate Exponential;Surrogate Sigmoid;M-SVM Crammer
500;0,240491375;0,167763159;0,233115733;0,188457288;0,191868842;0,136787276;0,13394324;0,103789747;0,093441606;0,100534558;0,100020568;0,112458885
1000;0,325812087;0,237201884;0,235274479;0,227956671;0,202482536;0,22505482;0,111225327;0,160875837;0,101202697;0,110402972;0,100123366;0,113538235
1500;0,344803661;0,242881373;0,330540717;0,254304592;0,231188327;0,276007414;0,12424616;0,131373346;0,100945711;0,114155024;0,099849224;0,098992616
2000;0,270739108;0,242572978;0,250256971;0,220844463;0,298237056;0,290467372;0,201308926;0,142338256;0,115182996;0,097193658;0,099883497;0,119808793
2500;0,340589024;0,253212377;0,252903983;0,240292193;0,255216911;0,319695731;0,142680943;0,206448754;0,100174755;0,110454351;0,099506577;0,114463389
3000;0,365542755;0,293148637;0,232421875;0,250404757;0,289242387;0,334601164;0,160875837;0,204941054;0,100534529;0,102230668;0,09991775;0,11050576
3500;0,422954358;0,292351976;0,32002981;0,286756011;0,266370282;0,275390625;0,202611029;0,154845119;0,10043174;0,099969149;0,100191891;0,111687899
4000;0,2446803;0,225971416;0,217542157;0,198582698;0,23771587;0,313527942;0,248526593;0,147580862;0,10043174;0,099609375;0,100226164;0,106136918
4500;0,36662212;0,25642474;0,307565793;0,260176808;0,181023851;0,310375551;0,213815769;0,157929003;0,099557966;0,101870894;0,099986295;0,110094577
5000;0,256270573;0,23244758;0,304713205;0,226498257;0,233218536;0,354440808;0,261307557;0,209018648;0,099506587;0,130756587;0,09991775;0,112561673
5500;0,386384666;0,238409758;0,249691606;0,245849609;0,331414476;0,376165013;0,256167789;0,239514808;0,099455178;0,114463419;0,100260397;0,108912408
6000;0,311780423;0,224917769;0,416658111;0,268265577;0,229492202;0,389288634;0,290672978;0,208367606;0,099712193;0,099969149;0,099575122;0,119706005
6500;0,373355255;0,245939553;0,343544409;0,273643091;0,276341498;0,444627206;0,43712308;0,261615952;0,100328952;0,13111636;0,099746446;0,131733149
7000;0,436857514;0,269736841;0,367418781;0,294369338;0,277189553;0,430475603;0,407175163;0,38432018;0,110608548;0,152240932;0,100328942;0,103464216
7500;0,502184428;0,253752068;0,486816414;0,338276118;0,390881993;0,49143366;0,472176532;0,343989869;0,099917769;0,099712193;0,099849224;0,110351563
8000;0,529965043;0,243703753;0,379086137;0,315853722;0,386821538;0,517338266;0,440069894;0,417180638;0,100020558;0,156455576;0,099917769;0,110659957
8500;0,509328753;0,246839017;0,441663243;0,32892167;0,349532284;0,513843209;0,506818801;0,441988776;0,099557966;0,20980674;0,099952042;0,117855668
9000;0,503109574;0,222964644;0,387669623;0,307861328;0,341745481;0,536972324;0,420333048;0,394017279;0,100123346;0,172234803;0,099849224;0,117701471
9500;0,585680507;0,303402558;0,463815793;0,374293281;0,406712577;0,490714093;0,494723131;0,472827574;0,099763542;0,189041942;0,099506597;0,144274265
10000;0,587402344;0,359760486;0,466616981;0,384592157;0,477230668;0,547800154;0,489891718;0,534333875;0,099198163;0,183285356;0,099814991;0,124588817
10500;0,580258019;0,380628094;0,513491988;0,401437869;0,47180818;0,562328676;0,527138154;0,50352934;0,125822365;0,121145129;0,099780699;0,131373376
11000;0,526932567;0,444695719;0,540732943;0,41031687;0,477487668;0,576445997;0,515179555;0,523848683;0,100020558;0,171875;0,100157638;0,12890625
11500;0,547645979;0,432411589;0,556692027;0,419909028;0,539704971;0,522992045;0,533031801;0,512027144;0,09986636;0,138877481;0,099952022;0,142886519
12000;0,589792356;0,447779603;0,596011512;0,440956514;0,619654603;0,611122539;0,590837439;0,511273295;0,099609375;0,173211366;0,100157619;0,130242586
12500;0,620990954;0,365285777;0,598761305;0,426815637;0,595754512;0,56829083;0,564316064;0,5409471;0,100071937;0,170281649;0,100260417;0,12222451
13000;0,638491973;0,384996906;0,588610202;0,439054787;0,620862462;0,647238215;0,571306199;0,582442423;0,100277543;0,128238082;0,10043174;0,144120067
13500;0,604158104;0,349789269;0,627158724;0,433927842;0,59973786;0,619174888;0,642475327;0,587959141;0,100174755;0,148386091;0,100020548;0,154605269
14000;0,632118627;0,237176195;0,623612247;0,407650596;0,586400084;0,67225192;0,601219853;0,616467933;0,099814981;0,136307567;0,099472304;0,137695313
14500;0,674650498;0,250205591;0,649593957;0,431878343;0,585886098;0,581859916;0,585080872;0,657826205;0,099609375;0,125205606;0,099472304;0,153063327
15000;0,661261305;0,327585325;0,635844983;0,446687395;0,584344164;0,676980545;0,597176542;0,64610746;0,100174755;0,100534529;0,100089113;0,162057966
15500;0,684493214;0,410516046;0,623098273;0,46402781;0,673956618;0,637678186;0,556537827;0,698259314;0,100380361;0,132761091;0,100020568;0,138003707
16000;0,673699625;0,474480882;0,656506985;0,490838295;0,635639392;0,668482731;0,618935029;0,657072365;0,099712193;0,109066606;0,100191871;0,158665687
16500;0,630525284;0,475688741;0,701583061;0,489855315;0,654990755;0,665535907;0,657106638;0,628118148;0,09986636;0,123458058;0,09991775;0,151624173
17000;0,693847664;0,429970183;0,606650904;0,46287778;0,64424856;0,720154882;0,702542484;0,666152686;0,100226164;0,209549725;0,10005484;0,121042371
17500;0,713661596;0,399362661;0,664936259;0,480905632;0,673159957;0,719024122;0,69329084;0,652172416;0,100174755;0,133583486;0,099677901;0,14566201
18000;0,710552014;0,323910356;0,647512339;0,458990797;0,74043997;0,667249173;0,711588542;0,69418174;0,099814981;0,149054289;0,099780699;0,153988481
18500;0,720266245;0,40306332;0,620374184;0,47677452;0,685392678;0,67804276;0,715871712;0,716933936;0,100328952;0,112458855;0,098855535;0,163394332
19000;0,688605055;0,430895351;0,719392475;0,499119812;0,650981702;0,725260417;0,704495609;0,699287276;0,100174755;0,205078125;0,100020568;0,157586366
19500;0,704050168;0,421695106;0,670384459;0,487349659;0,656892479;0,70929276;0,719640906;0,727453396;0,10099712;0,284231097;0,099438051;0,153268904
20000;0,695749387;0,450529397;0,694413029;0,508615593;0,718415912;0,734614859;0,718578666;0,719263986;0,100071967;0,120579749;0,099986315;0,193770558
20500;0,734914679;0,33578331;0,713481702;0,479967625;0,68693462;0,737013434;0,69102934;0,733655433;0,099609375;0,143708885;0,100157619;0,135690808
21000;0,69122636;0,40193256;0,732576069;0,497744914;0,627158716;0,750034263;0,670435851;0,745751098;0,100020587;0,215871722;0,099746446;0,165244669
21500;0,768092107;0,434621714;0,69184313;0,5202444;0,711065993;0,748972043;0,699184487;0,696648846;0,099969149;0,191766024;0,099712173;0,186420649
22000;0,687294412;0,520405017;0,734709092;0,521195267;0,615439974;0,733552635;0,693941891;0,687842652;0,099660784;0,111996293;0,10029467;0,142372549
22500;0,692768298;0,468801394;0,732164882;0,513986684;0,690635279;0,785430372;0,706037561;0,709121441;0,099249601;0,171566635;0,100157619;0,162212163
23000;0,738641042;0,500102788;0,726074211;0,524317685;0,712659329;0,775390625;0,74602522;0,68352522;0,099969149;0,241724908;0,109340727;0,132452697
23500;0,749126233;0,475534543;0,746247947;0,539139597;0,695903577;0,751336346;0,753323739;0,71477522;0,100123346;0,287109375;0,099232455;0,185649663
24000;0,736199629;0,313322365;0,74247019;0,499691612;0,659693658;0,71402138;0,740234365;0,737904335;0,099712163;0,10490337;0,099677901;0,206774265
24500;0,710860398;0,368369654;0,73578845;0,498265318;0,748380963;0,728104432;0,735265896;0,755619526;0,09986636;0,196597457;0,099849244;0,178042769
25000;0,716488492;0,341282897;0,747712784;0,497526473;0,726254113;0,754625817;0,772101154;0,77388295;0,100277573;0,13060239;0,100089093;0,184621722
25500;0,70600329;0,503160983;0,687500004;0,506366935;0,725174755;0,744654606;0,737732997;0,758908992;0,100174755;0,127826899;0,099986295;0,128803462
26000;0,758583471;0,493086956;0,755730882;0,54079718;0,718158931;0,766413103;0,747498632;0,739274944;0,100585938;0,140830606;0,100466013;0,155787408
26500;0,738615334;0,574038848;0,753880553;0,563765677;0,734837581;0,753734921;0,745065793;0,731393923;0,099712193;0,145867616;0,099643628;0,188527972
27000;0,738512542;0,676834911;0,730211761;0,57623612;0,740491368;0,77696683;0,737321824;0,748595124;0,100277573;0,158305913;0,100226144;0,159385264
27500;0,761307564;0,602461971;0,73900082;0,579223639;0,727539055;0,781215732;0,698499178;0,76254112;0,099969178;0,158665717;0,099883517;0,214124203
28000;0,739309203;0,566894524;0,770867597;0,567170788;0,761538856;0,796258226;0,748629391;0,776452849;0,100020558;0,13615337;0,100500266;0,191611826
28500;0,717979029;0,602667566;0,733295642;0,557726414;0,73997739;0,742735744;0,749143367;0,789610744;0,100277543;0,157997519;0,099712173;0,176963419
29000;0,736893509;0,608604021;0,770533513;0,5748291;0,690686673;0,773917213;0,728686949;0,759697095;0,100328952;0,129111856;0,100466013;0,183285356
29500;0,750565376;0,42871093;0,736996297;0,526958263;0,761256166;0,771895553;0,759560034;0,745100046;0,100071937;0,179944485;0,100328942;0,191560447
30000;0,747532893;0,502004515;0,734760486;0,536666064;0,725303248;0,754625822;0,762815242;0,751439144;0,09986636;0,250256985;0,100534538;0,16236636
30500;0,753674962;0,522897817;0,77965666;0,569400183;0,741288032;0,783854167;0,775219301;0,775870343;0,099814951;0,300575674;0,100260417;0,221371293
31000;0,72219367;0,568153773;0,756476149;0,552734375;0,737022001;0,76254112;0,764802635;0,780598958;0,099660754;0,311831832;0,100568791;0,164113909
31500;0,763491985;0,468081825;0,73930921;0,540006938;0,768015005;0,77494518;0,771655704;0,789576481;0,100123376;0,337993413;0,099986315;0,189144731
32000;0,752441406;0,560444072;0,734272208;0,562442179;0,768092103;0,782929003;0,756304825;0,770148034;0,100071937;0,220805943;0,100089093;0,202611029
32500;0,749383222;0,531892471;0,770816207;0,562429325;0,760202505;0,77073054;0,772032619;0,772992055;0,100277543;0,308233947;0,100089073;0,197625399
33000;0,739180714;0,619603202;0,735557154;0,572798878;0,758917555;0,768057843;0,784745067;0,763466284;0,100226164;0,322728217;0,100123366;0,196854442
33500;0,725508835;0,6330695;0,770353623;0,57335141;0,739180714;0,759148851;0,787589088;0,795401588;0,100534529;0,377467096;0,099952042;0,164473683
34000;0,752030224;0,673725326;0,763594776;0,598761302;0,764776927;0,760039752;0,75856634;0,790844301;0,099660784;0,414987654;0,10029467;0,205694884
34500;0,730648644;0,678402551;0,751310647;0,587196749;0,716077302;0,76990817;0,770387888;0,768880213;0,099609375;0,191714644;0,099986275;0,188425154
35000;0,785721626;0,680252876;0,768837377;0,602558339;0,740362875;0,779982184;0,766138986;0,761273305;0,099763572;0,282791942;0,10029467;0,175421476
35500;0,762207028;0,50346937;0,748972036;0,555676914;0,724480879;0,759457236;0,731907899;0,784470941;0,099455208;0,307051808;0,099883497;0,208059222
36000;0,765445106;0,491596408;0,740208678;0,538285105;0,749177631;0,778268913;0,774225598;0,788377196;0,100277573;0,323499173;0,099266728;0,155890226
36500;0,764802627;0,552862868;0,732164893;0,560077871;0,754291736;0,794270833;0,801569348;0,797423244;0,099712193;0,208778769;0,100363215;0,190481097
37000;0,769428454;0,52163858;0,746119447;0,554873819;0,741519328;0,766995614;0,764871155;0,785053452;0,100277543;0,143760294;0,100123346;0,182308793
37500;0,713558797;0,475046247;0,748946335;0,524799548;0,744423319;0,809998632;0,789268091;0,787897478;0,100123346;0,209703952;0,100466013;0,161646813
38000;0,774825245;0,549239319;0,753649257;0,571636007;0,685109988;0,786766728;0,802871436;0,782963271;0,09986636;0,228310049;0,103104452;0,208830208
38500;0,733244248;0,559750211;0,719135486;0,557077515;0,740414273;0,792865957;0,802768643;0,794544955;0,10043177;0,278166115;0,128666401;0,216180116
39000;0,738384049;0,611687914;0,758686271;0,577508224;0,768297698;0,778714364;0,786561127;0,797731633;0,099814951;0,401367188;0,099369506;0,201274663
39500;0,763517678;0,524388373;0,762464024;0,55646074;0,7449116;0,802186132;0,783888429;0,789679274;0,099455178;0,349814951;0,099643648;0,175472885
40000;0,787109375;0,525005136;0,771381579;0,571449674;0,744474713;0,770148029;0,779331138;0,803351149;0,099557966;0,227230668;0,110574285;0,202302605
40500;0,750385489;0,522512347;0,764160153;0,55739875;0,73766448;0,794099505;0,77141585;0,805132945;0,099969149;0,20872739;0,100260417;0,19253701
41000;0,754317436;0,578895971;0,76143606;0,573659794;0,666760899;0,79176946;0,801912005;0,804447641;0,10043174;0,294048101;0,10005482;0,199989706
41500;0,721525498;0,395225115;0,773540296;0,523341125;0,70934416;0,797012061;0,798656796;0,802323192;0,099403769;0,175524265;0,100500286;0,203073591
42000;0,763132192;0,43459601;0,737433184;0,525705435;0,746119451;0,787452032;0,802974234;0,788856904;0,100071967;0,228001624;0,100568791;0,167660356
42500;0,744628903;0,333650284;0,751387753;0,50008995;0,757478416;0,802151869;0,779536734;0,777652135;0,100123376;0,234991789;0,156078676;0,170692861
43000;0,710577719;0,366210923;0,776238695;0,51176372;0,724712174;0,795333058;0,779159814;0,785635963;0,099969149;0,199013144;0,099849244;0,194027543
43500;0,746787615;0,446520351;0,788265832;0,546444537;0,776469979;0,786561132;0,807325929;0,779673795;0,099969178;0,210577697;0,09954083;0,204204351
44000;0,75447163;0,527061053;0,786543999;0,559808026;0,680304274;0,79680647;0,792043587;0,813630755;0,099969178;0,213096231;0,09916393;0,171155423
44500;0,734888982;0,575272419;0,752981085;0,562660622;0,741622124;0,813459426;0,791186949;0,812328671;0,100226164;0,158922702;0,099986315;0,1875
45000;0,766601566;0,578741774;0,763517682;0,582018403;0,764365748;0,808114037;0,802802905;0,795675715;0,100791544;0,166324019;0,099917769;0,219212592
45500;0,782123763;0,581234571;0,772563737;0,585545591;0,752467107;0,793003023;0,789919128;0,784025495;0,099814981;0,188682169;0,123252471;0,206260294
46000;0,767552432;0,666658096;0,785695925;0,60706851;0,726177018;0,790638705;0,791906521;0,786012888;0,099660784;0,243266851;0,105194648;0,208367586
46500;0,761410359;0,624023441;0,76665296;0,588623046;0,742033303;0,787931745;0,789405152;0,804584702;0,100071967;0,269274265;0,100020568;0,202405423
47000;0,742290292;0,679995887;0,777626436;0,596878851;0,734580584;0,783340186;0,784265349;0,80461897;0,100071937;0,397769332;0,099609375;0,187602788
47500;0,767141242;0,714946546;0,790681537;0,621749071;0,749100532;0,800746982;0,772580872;0,779913654;0,09986636;0,222913235;0,099814971;0,214226961
48000;0,749922905;0,733783919;0,778423112;0,608128601;0,761358969;0,80108964;0,799102247;0,796121165;0,099969149;0,136564553;0,099335253;0,170384467
48500;0,796361022;0,343184628;0,740003079;0,516929224;0,726074226;0,810067157;0,79718339;0,80852522;0,100226134;0,304173529;0,10005484;0,188168168
49000;0,77937397;0,468493007;0,783794202;0,561240747;0,715897407;0,782826205;0,799581965;0,813048249;0,100791544;0,35824424;0,099129637;0,213301808
49500;0,759585735;0,56291119;0,760382403;0,569265267;0,752158716;0,803111295;0,79882813;0,801740676;0,099814951;0,208059222;0,099986295;0,19418174
50000;0,808670845;0,478849709;0,776007406;0,566933078;0,76359478;0,804893091;0,763466284;0,800678452;0,099609375;0,350740135;0,100294709;0,204204351
50500;0,800986841;0,569515824;0,764237255;0,578362715;0,763826061;0,778337444;0,811711898;0,807188869;0,100123346;0,132658303;0,099609375;0,178710938
51000;0,770867601;0,547954366;0,783254523;0,564337482;0,755628087;0,791084155;0,809827303;0,778029059;0,100071967;0,198036611;0,099952022;0,155273438
51500;0,783357319;0,431023859;0,765111025;0,54287881;0,74509149;0,784847861;0,800986841;0,766001915;0,099763572;0,199321538;0,167249163;0,192023039
52000;0,773617391;0,477384877;0,772358146;0,551597196;0,754214641;0,803111295;0,789747809;0,788856909;0,09935239;0,145199418;0,09991775;0,18302837
52500;0,773154814;0,534025494;0,782791942;0,570511667;0,755088411;0,797800168;0,802425986;0,816166391;0,100020558;0,361533731;0,100260397;0,192074418
53000;0,770379312;0,557334501;0,775519121;0,577000666;0,73902652;0,792626098;0,800130213;0,810958058;0,100071937;0,359117985;0,099472304;0,204769731
53500;0,77965666;0,542429075;0,795847043;0,578067179;0,733167145;0,807325934;0,810169955;0,820106909;0,099814981;0,292454749;0,100260437;0,194335938
54000;0,797363278;0,634225946;0,760665093;0,595760944;0,761487454;0,794236566;0,802939966;0,802220394;0,099969178;0,274928063;0,099814971;0,190789461
54500;0,766832847;0,650210735;0,736893509;0,587376644;0,778114725;0,801637883;0,794442157;0,794510692;0,10043174;0,308696538;0,100363195;0,195569485
55000;0,774234168;0,542994455;0,775107939;0,574096686;0,727025088;0,798142816;0,80859375;0,796326757;0,100071967;0,307720006;0,10043174;0,204050183
55500;0,794741981;0,605391659;0,780247737;0,592934062;0,758866161;0,783237393;0,807325929;0,810958063;0,10043177;0,147049755;0,10043174;0,191354871
56000;0,786646795;0,479903385;0,785464637;0,554212068;0,756527547;0,788445721;0,792763154;0,8168517;0,100071937;0,141858548;0,099780719;0,164833456
56500;0,784642272;0,514108747;0,764519941;0,556524978;0,750179891;0,785053457;0,815138429;0,809313322;0,100020558;0,256013572;0,099677901;0,162828952
57000;0,767886512;0,566431955;0,766036186;0,573608401;0,722270764;0,788514252;0,807188869;0,804721768;0,100071967;0,332442433;0,103344301;0,194078952
57500;0,773360405;0,600997128;0,76590769;0,582262545;0,680792563;0,78433388;0,807291667;0,809484651;0,100123346;0,304893106;0,100671609;0,188784957
58000;0,756990131;0,578073595;0,784462374;0,57323576;0,787237875;0,794682016;0,80941612;0,811369245;0,100585938;0,264699847;0,180544138;0,173416942
58500;0,778243214;0,609606292;0,768888775;0,585468493;0,700632196;0,791324015;0,812979718;0,818462173;0,100483149;0,279862255;0,174102247;0,185135692
59000;0,772563737;0,536132816;0,78256065;0,567980317;0,717130963;0,803282624;0,807839915;0,801466559;0,100071967;0,224763572;0,099883517;0,180664063
59500;0,765830595;0,587916333;0,782226566;0,583631019;0,747044619;0,786115676;0,820038378;0,78913103;0,099506587;0,298159957;0,100534538;0,198550582
60000;0,803531043;0,646407284;0,777960524;0,612433184;0,739591904;0,805783997;0,819250276;0,79221491;0,099557966;0,313939154;0,100328942;0,221833885
60500;0,777369447;0,647974923;0,748098273;0,596686113;0,772563733;0,798896655;0,79605263;0,80040433;0,09935239;0,419150919;0,100397468;0,213301808
61000;0,787057981;0,683696549;0,771715667;0,61458548;0,731136926;0,797937224;0,809553181;0,813802083;0,099814981;0,335886091;0,099712173;0,215871722
61500;0,775827508;0,671206825;0,773977179;0,602847455;0,752826892;0,781387061;0,798656796;0,78937089;0,100226134;0,33480674;0,100157619;0,190378308
62000;0,797080591;0,501747523;0,793354232;0,572721774;0,758197982;0,820518091;0,809381853;0,810204223;0,10043174;0,150699019;0,099883497;0,198704749
62500;0,781121504;0,555124387;0,79009046;0,584883835;0,748303868;0,799342106;0,804687495;0,814110473;0,100174755;0,339483976;0,100020568;0,21319899
63000;0,79196649;0,602410577;0,773900081;0,593107523;0,759225946;0,791392545;0,810375551;0,81918174;0,100534529;0,234888971;0,099917769;0,204152942
63500;0,784719367;0,64265522;0,777086761;0,603374283;0,777883429;0,806537827;0,802014798;0,826103345;0,099712163;0,28685239;0,100089073;0,209035784
64000;0,74031147;0,658999797;0,781481292;0,590775338;0,770379316;0,795435851;0,805235744;0,808765079;0,09986639;0,349917769;0,160704494;0,182308793
64500;0,791118417;0,694849916;0,759482943;0,610139542;0,793893911;0,813596492;0,819284543;0,817742601;0,099763572;0,290039063;0,128837725;0,195106894
65000;0,75691304;0,719006985;0,765265212;0,609998201;0,783742804;0,798005755;0,820929274;0,810341284;0,099712193;0,285875827;0,099609375;0,198807567
65500;0,760433801;0,656712584;0,776444282;0,601478978;0,762232728;0,783785636;0,81880482;0,803145563;0,099814981;0,273591697;0,099506597;0,212325245
66000;0,787957441;0,729543585;0,802657276;0,630178347;0,778140418;0,797594572;0,810238491;0,808388159;0,099917769;0,253803432;0,100123346;0,200555086
66500;0,791015625;0,607473269;0,748149671;0,583393296;0,743960727;0,805338542;0,818599234;0,814932843;0,09991774;0,348324418;0,100157619;0,18693462
67000;0,74190481;0,51559931;0,772717927;0,561574844;0,759277348;0,806674893;0,811951757;0,802871436;0,099712163;0,442588419;0,167420507;0,216077328
67500;0,783357319;0,56278269;0,809390418;0,57940995;0,755242605;0,79927357;0,818085253;0,828536183;0,100071967;0,378032491;0,099814951;0,162109375
68000;0,797954358;0,426243823;0,800010275;0,549740441;0,775544819;0,776726971;0,812157348;0,817091559;0,100483149;0,387695298;0,099780719;0,174753308
68500;0,769120064;0,499948602;0,774311267;0,55693616;0,745759666;0,777103891;0,819901317;0,823670507;0,099969178;0,299701899;0,099232455;0,184364706
69000;0,75665604;0,543945309;0,777703539;0,564099759;0,76693565;0,793756853;0,819181745;0,805681194;0,099455178;0,16072163;0,099677901;0,178094149
69500;0,781558387;0,58336759;0,777446549;0,582917864;0,746427838;0,813390901;0,802563046;0,816097861;0,099557966;0,138209283;0,099609375;0,189298928
70000;0,781789675;0,577636715;0,72887541;0,57326789;0,734323598;0,786972314;0,769565513;0,813699285;0,100071967;0,338301808;0,100089093;0,20476976
70500;0,790527344;0,450452298;0,770610612;0,554693925;0,787931744;0,799684763;0,824253018;0,800781255;0,10043177;0,332493842;0,100123366;0,207185447
71000;0,764083058;0,472065166;0,760819279;0,548365535;0,782766242;0,800061678;0,801740676;0,814864308;0,099609375;0,453793183;0,10043176;0,196494639
71500;0,786184214;0,366879121;0,760151111;0,528570876;0,757221427;0,786115681;0,81054687;0,798245614;0,100328952;0,390676409;0,100397488;0,201069057
72000;0,749280427;0,491262339;0,790090457;0,554944496;0,766370274;0,801809212;0,807565788;0,803625271;0,099969149;0,376644731;0,10005482;0,18914476
72500;0,801063936;0,528834298;0,780736022;0,578465519;0,762798108;0,800472861;0,811814696;0,809107731;0,10043174;0,360402972;0,166084151;0,203227818
73000;0,79224918;0,557462987;0,758172289;0,581054692;0,720446132;0,789405157;0,814795777;0,825486571;0,100071967;0,378854841;0,099506597;0,216334313
73500;0,780556127;0,579230052;0,78980777;0,581960581;0,743575245;0,814041942;0,803899398;0,808902135;0,100277573;0,423365548;0,098752737;0,178248376
74000;0,78412829;0,60040604;0,788702715;0,592818414;0,749229029;0,809073463;0,824835529;0,830283716;0,100226164;0,338867188;0,099883497;0,198036611
74500;0,801372331;0,600842938;0,768785976;0,593313118;0,781815376;0,81911321;0,81911321;0,812602798;0,101099908;0,399362683;0,099883517;0,202251226
75000;0,772486642;0,576300375;0,756013572;0,569104644;0,780093543;0,802563046;0,806297973;0,816954499;0,099763572;0,316560447;0,100260397;0,171617985
75500;0,773951482;0,645456407;0,794536389;0,605475178;0,770327926;0,814590181;0,803522478;0,802494521;0,099609375;0,428710938;0,100328962;0,207956433
76000;0,766036186;0,518708896;0,74015728;0,557379481;0,742444485;0,807874178;0,770799066;0,811026588;0,099712193;0,188836366;0,099575102;0,204615563
76500;0,749074835;0,555561267;0,776726976;0,575015417;0,774516862;0,799993148;0,802905704;0,799410636;0,09991774;0,366570741;0,09967792;0,218698591
77000;0,766961351;0,579872534;0,802503083;0,582860046;0,737895768;0,795401593;0,817639803;0,819044679;0,099660784;0,351511091;0,100020568;0,182103217
77500;0,766370267;0,582468137;0,793200038;0,578786748;0,757915299;0,80084978;0,809004933;0,81332237;0,099917769;0,236996293;0,099438032;0,173108548
78000;0,789833468;0,477744661;0,796695106;0,563598632;0,774131373;0,77179276;0,801055377;0,769634048;0,099969178;0,151624173;0,10043176;0,190121293
78500;0,79268606;0,604337998;0,783177424;0,586515728;0,751439143;0,792077849;0,81174616;0,81640625;0,100688726;0,147049755;0,099300981;0,165861428
79000;0,78459087;0,66755756;0,803042762;0,616352279;0,752878293;0,7925233;0,797697365;0,803385422;0,099712163;0,324578553;0,100123366;0,210217923
79500;0,775493421;0,698190786;0,770790499;0,610113851;0,724352386;0,777754943;0,825349505;0,808696543;0,099763572;0,272101164;0,167009334;0,195980698
80000;0,766164679;0,682668582;0,793893915;0,601299081;0,719212577;0,817708338;0,834498361;0,807531526;0,100123346;0,432976961;0,133292238;0,162469149
80500;0,78256065;0,541375414;0,7863384;0,569933437;0,714509666;0,802323192;0,823087995;0,820895011;0,099969178;0,364155024;0,100157619;0,169459283
81000;0,769479848;0,430689767;0,80293997;0,552368167;0,746479239;0,80979304;0,82805647;0,819524398;0,100020558;0,317382813;0,100260397;0,206363082
81500;0,791092724;0,447342716;0,797337584;0,553415399;0,776161593;0,799376369;0,832339635;0,811437771;0,099300981;0,310392708;0,099986295;0,177888572
82000;0,792891655;0,506064963;0,76660157;0,570036238;0,800241575;0,804481909;0,809107731;0,816954494;0,10043174;0,386564553;0,100157619;0,214586765
82500;0,7865697;0,557128903;0,785284746;0,578722507;0,710140832;0,798040018;0,806263705;0,823807567;0,099969178;0,383840472;0,099849244;0,185906678
83000;0,79296875;0,468981288;0,770302218;0,559216947;0,754214641;0,782483553;0,81716009;0,82075795;0,099763542;0,399671063;0,100191911;0,204615533
83500;0,801449426;0,43009869;0,813733552;0,564620164;0,756656047;0,810307016;0,798040027;0,817571273;0,099969178;0,175986826;0,099883517;0,21319899
84000;0,75578228;0,464149877;0,752107319;0,54722194;0,754445929;0,804139252;0,811814691;0,821683114;0,10043174;0,14787215;0,100363215;0,216848284
84500;0,7708419;0,461785562;0,780016445;0,547414676;0,755371094;0,807976976;0,829221487;0,818667765;0,099917769;0,248972029;0,100123346;0,177014798
85000;0,781018708;0,5286287;0,811446339;0,581825658;0,753803454;0,805612663;0,813939149;0,827576752;0,100174755;0,20199424;0,100226144;0,206208885
85500;0,796669409;0,571263373;0,795410156;0,602937404;0,736199629;0,809279054;0,811746165;0,821306194;0,100071967;0,228618413;0,100089113;0,248406678
86000;0,795230266;0,59752775;0,794690587;0,596756782;0,73640522;0,802494516;0,827816606;0,813870619;0,099969149;0,304841697;0,10005482;0,199578524
86500;0,784822162;0,613615349;0,783305924;0,583958676;0,768785976;0,815823739;0,802665845;0,819044684;0,100174755;0,408768505;0,099849224;0,154091269
87000;0,809133429;0,307462994;0,785336144;0,530067846;0,764725536;0,804276312;0,77847451;0,811334978;0,100123346;0,291169792;0,100500286;0,218338817
87500;0,796129726;0,186523438;0,774979442;0,489084339;0,757786799;0,790604447;0,82415022;0,813425163;0,100740135;0,34765625;0,166940788;0,198704749
88000;0,78340872;0,217387959;0,769299958;0,496247949;0,745554067;0,804961622;0,819455867;0,822711075;0,100483149;0,400442034;0,167077859;0,214895159
88500;0,772563733;0,297748767;0,798262745;0,518901624;0,758994658;0,809176261;0,818941881;0,822539747;0,100174755;0,362972856;0,116502186;0,20703125
89000;0,789396588;0,340229243;0,788574219;0,537925319;0,791966487;0,802083333;0,793448463;0,819078947;0,099403799;0,353824019;0,100466013;0,233501226
89500;0,797311887;0,431769125;0,78040193;0,558253242;0,790116161;0,814830045;0,828399122;0,826514532;0,099506587;0,359220803;0,100500286;0,223530024
90000;0,79546155;0,470600333;0,782971833;0,569721427;0,779373974;0,811951752;0,814898575;0,815549617;0,099249601;0,393092096;0,10029467;0,229851991
90500;0,80281147;0,50688732;0,798828129;0,579981753;0,78600432;0,805338537;0,809141994;0,801329494;0,099763572;0,366108134;0,099814971;0,211400092
91000;0,769274257;0,446083464;0,787109375;0,56012284;0,717208061;0,804550439;0,817262883;0,808730806;0,100328922;0,371659145;0,099814971;0,238024265
91500;0,781712581;0,505345404;0,808233962;0,56825658;0,798519734;0,824390079;0,813459431;0,822813869;0,100226164;0,364925981;0,100328942;0,177734375
92000;0,802117597;0,536544006;0,801886309;0,596005092;0,780067846;0,797868699;0,827097038;0,809244792;0,099969149;0,345548928;0,100089093;0,243472457
92500;0,791015625;0,5049599;0,801269531;0,577765209;0,734452099;0,809758777;0,816303452;0,819078947;0,100328922;0,127467096;0,100226144;0,213815779
93000;0,766498763;0,515933394;0,812731292;0,585725483;0,770996098;0,803522478;0,797526042;0,817399949;0,099609375;0,335217923;0,099883497;0,247738481
93500;0,815301195;0,477693245;0,767783716;0,57261898;0,694541529;0,810615405;0,814418862;0,806743418;0,100123376;0,292094976;0,099712153;0,229697764
94000;0,792274874;0,375;0,805586968;0,551256683;0,797414679;0,821100603;0,831654335;0,825932016;0,100071967;0,317434222;0,099609355;0,23216489
94500;0,789550785;0,464920834;0,795461554;0,573801132;0,771664266;0,775801808;0,813459431;0,827336902;0,099095374;0,360865533;0,099780719;0,245271355
95000;0,778525904;0,493189767;0,786980879;0,569695729;0,716616985;0,797765901;0,809210524;0,813185304;0,099814981;0,493523836;0,099643648;0,220086366
95500;0,775185034;0,46193976;0,778962791;0,552721521;0,718981288;0,819181745;0,820449561;0,824698468;0,100174755;0,497995481;0,100191891;0,194798499
96000;0,793379933;0,482524671;0,797157686;0,583926556;0,757324219;0,809210524;0,809861566;0,827713817;0,100020558;0,408922672;0,100191891;0,262643933
96500;0,793611229;0,526110187;0,775313534;0,58248098;0,727230683;0,801912005;0,81010143;0,827199837;0,099609375;0,451634452;0,100500286;0,234888971
97000;0,796618011;0,513003707;0,800138775;0,587447323;0,753495064;0,773643086;0,821306194;0,824390079;0,100123376;0,339483976;0,100089093;0,240028799
97500;0,784976356;0,476922281;0,803993624;0,585487763;0,758223683;0,793825383;0,829290023;0,828090732;0,10043174;0,438784927;0,100089113;0,276058793
98000;0,80368524;0,518349096;0,785027754;0,581632917;0,76680715;0,803316886;0,821785912;0,82774808;0,099969149;0,193205178;0,099198182;0,219469577
98500;0,764776934;0,484606292;0,779708058;0,569798525;0,781198602;0,810032894;0,811540569;0,810238486;0,099917769;0,227898836;0,09954085;0,250102818
99000;0,795178864;0,496684831;0,805946749;0,587209604;0,749203328;0,800746982;0,81918174;0,811197917;0,099557966;0,226254106;0,099472324;0,251027972
99500;0,809082031;0,403602995;0,795281664;0,560816718;0,73753598;0,809518909;0,83045504;0,825349505;0,100174755;0,312757015;0,100157638;0,235300183
100000;0,78412829;0,498458047;0,779733758;0,567479174;0,78793174;0,82068942;0,803522478;0,822231362;0,100277543;0,384971231;0,100020548;0,2075966
100500;0,792249177;0,49388364;0,808979236;0,581934883;0,72075453;0,813733553;0,811574837;0,83090049;0,099763572;0,312294394;0,100500286;0,232627481
101000;0,805818256;0,538651329;0,78181538;0,592696341;0,745065793;0,818325112;0,792626098;0,817091559;0,10043177;0,316046447;0,100157619;0,244500399
101500;0,78430818;0,327328324;0,759585731;0,532657022;0,747250203;0,82068942;0,825143913;0,816680372;0,100123346;0,409899265;0,100226144;0,259405851
102000;0,797209088;0,256270558;0,776932567;0,511879371;0,795512952;0,779331143;0,828090737;0,817879662;0,100277573;0,423519731;0,099438032;0,217105269
102500;0,814864308;0,28392271;0,790784333;0,528352442;0,775673315;0,810444077;0,81325384;0,824766994;0,100020587;0,312088817;0,099712173;0,223838419
103000;0,802631579;0,332725115;0,783408713;0,549772563;0,782689143;0,813767816;0,820757945;0,818359375;0,100277543;0,458521798;0,165433109;0,280324847
103500;0,785233349;0,362021998;0,80106394;0,545043945;0,767089844;0,815275495;0,826583058;0,829872534;0,100226164;0,487201884;0,107387602;0,231856495
104000;0,798879523;0,394736841;0,804379113;0,566213506;0,772769325;0,80739446;0,798554008;0,81483004;0,100945741;0,342002451;0,099746446;0,266858548
104500;0,787674755;0,440044209;0,774079979;0,564286087;0,769942436;0,809895833;0,830626369;0,82068942;0,099969178;0,34930101;0,099986295;0,255345404
105000;0,806332238;0,340871707;0,813836347;0,541169823;0,733604036;0,820723683;0,804824556;0,826343204;0,099609375;0,400185049;0,100089093;0,203639001
105500;0,773257606;0,396201685;0,805972453;0,552310341;0,741647821;0,813870609;0,80866228;0,818290845;0,09986636;0,342927635;0,099814971;0,23380962
106000;0,786698196;0,44515831;0,754368831;0,562371507;0,76516242;0,813733553;0,80783991;0,81993558;0,09986636;0,287212193;0,099883517;0,263260692
106500;0,789165299;0,516807146;0,775005139;0,584646127;0,801680714;0,806126644;0,811814696;0,821820175;0,099609375;0,327251226;0,100363195;0,257606924
107000;0,797209088;0,492393084;0,790989924;0,589638159;0,766267471;0,79882813;0,827028508;0,803625271;0,099506557;0,354286611;0,099883497;0,277960539
107500;0,797131993;0,579075873;0,747584287;0,590209956;0,76087068;0,821203401;0,829975327;0,817194353;0,099969149;0,409745067;0,100466013;0,237047672
108000;0,798545435;0,640625;0,799496301;0,621794043;0,768117804;0,800815513;0,819216013;0,82504112;0,100328952;0,436420649;0,099232475;0,248509437
108500;0,797234789;0,678017061;0,772923514;0,630043428;0,692639802;0,817125822;0,815549612;0,814418862;0,099712163;0,477230653;0,132846773;0,271998346
109000;0,80365954;0,681949012;0,777112462;0,635967056;0,775313526;0,814453125;0,824766999;0,823327854;0,09986636;0,328793168;0,100123346;0,281147212
109500;0,774928041;0,650467724;0,813425161;0,626419876;0,783254523;0,789576481;0,816440518;0,821922973;0,100174755;0,300627053;0,100123346;0,266858578
110000;0,786800988;0,668893922;0,780864507;0,615253649;0,763440587;0,819558665;0,833538925;0,826137612;0,100020558;0,186986029;0,100123366;0,224455178
110500;0,791863695;0,666632403;0,769582644;0,616641392;0,772255346;0,820963542;0,781661188;0,810923795;0,100174755;0,225123346;0,10029467;0,238486826
111000;0,810521174;0,51647307;0,804250617;0,598048164;0,792223476;0,800541396;0,81993558;0,82075795;0,099712193;0,349609375;0,099849224;0,260947794
111500;0,790321752;0,53713508;0,815069903;0,58773644;0,763337787;0,818770563;0,80228893;0,812808385;0,100277543;0,292351961;0,100363215;0,208419025
112000;0,769171465;0,528603006;0,811831825;0,593242444;0,779194083;0,824904054;0,799410636;0,819147478;0,099917769;0,372378707;0,100020587;0,263363481
112500;0,807077508;0,391781449;0,760048315;0,554501182;0,734426402;0,810375551;0,823053728;0,820072641;0,09986636;0,459138572;0,10043174;0,259097457
113000;0,76906867;0,428351156;0,761770144;0,553826583;0,759996921;0,822779606;0,813870614;0,81647478;0,100071967;0,504420236;0,099883497;0,25611636
113500;0,798082855;0,546540916;0,799239311;0,601177014;0,742084704;0,812774127;0,829735473;0,823259319;0,100226164;0,447882399;0,100500286;0,260844976
114000;0,805535566;0,543893911;0,786723893;0,611045435;0,782226563;0,813802088;0,818976154;0,822299888;0,099917769;0,274414063;0,100191871;0,30802837
114500;0,823113695;0,548751034;0,761821546;0,60059879;0,760485198;0,803865135;0,824115952;0,828330591;0,100174755;0,265625;0,10029467;0,268708885
115000;0,808542348;0,441431955;0,794330798;0,582211141;0,727436263;0,810546875;0,814110468;0,829187224;0,099917769;0,261821538;0,100191871;0,284539461
115500;0,768169202;0,556306534;0,796977792;0,596910969;0,769017275;0,814144741;0,816714635;0,811403508;0,099660784;0,393708885;0,167420507;0,26619035
116000;0,783742804;0,596833881;0,791118421;0,611013306;0,789730676;0,817982455;0,818050986;0,825452303;0,100123346;0,334960938;0,131578962;0,27235812
116500;0,777652141;0,455900498;0,809210524;0,57604338;0,773206204;0,823327854;0,821648851;0,819764252;0,100328952;0,376182169;0,100157638;0,261410356
117000;0,764160153;0,486045428;0,797209092;0,569046821;0,774979439;0,810135692;0,821100603;0,811780423;0,10048312;0,357781678;0,100123366;0,22877261
117500;0,790116157;0,528448805;0,795975532;0,595272662;0,783434417;0,798519741;0,817023029;0,82805647;0,10048312;0,426295221;0,100226144;0,266550154
118000;0,78980777;0,57136615;0,818025287;0,615497788;0,728464227;0,811129386;0,798828125;0,816748907;0,100534529;0,367547289;0,099780719;0,282791942
118500;0,808542356;0,619294815;0,803402547;0,628919098;0,730443053;0,804379106;0,798519736;0,830934758;0,099660784;0,271689981;0,100328922;0,284436673
119000;0,786621098;0,608886719;0,797466077;0,618890065;0,79744038;0,797902957;0,8218887;0,828810304;0,099455178;0,34261924;0,10043172;0,282586366
119500;0,775082238;0,670590051;0,780838821;0,627647002;0,726793792;0,818667765;0,831037556;0,801946273;0,099557966;0,237561703;0,100191891;0,284076899
120000;0,789499383;0,661878087;0,809981495;0,63488127;0,747507192;0,810786734;0,834395563;0,814590181;0,099660754;0,353926808;0,099917789;0,278166115
120500;0,781995274;0,619911596;0,793919615;0,608950969;0,763389185;0,808628018;0,801398024;0,824766999;0,100123376;0,343904197;0,099266708;0,23997739
121000;0,796489514;0,609940384;0,778705791;0,614681839;0,778834291;0,810546875;0,839158441;0,813390901;0,100174755;0,397152543;0,100397468;0,273591667
121500;0,784924962;0,53047904;0,813682158;0,602609737;0,747224502;0,811060856;0,832545236;0,811609104;0,099969178;0,406866789;0,166735192;0,281352788
122000;0,806846216;0,644968126;0,787366364;0,62947805;0,782457851;0,803008497;0,826240405;0,8065721;0,100174755;0,507349923;0,102624734;0,278731495
122500;0,799162209;0,66604133;0,7942794;0,634026778;0,769556955;0,810032894;0,835149398;0,814727247;0,099660784;0,366776317;0,09991775;0,276624173
123000;0,776341487;0,659308184;0,799881786;0,628308745;0,76721834;0,8003358;0,822848136;0,824047421;0,100174755;0,45255962;0,099986295;0,277703524
123500;0,802451685;0,579435658;0,80787418;0,616570727;0,788291529;0,804413378;0,806983277;0,8324767;0,099712163;0,318821967;0,099300981;0,276521385
124000;0,794433586;0,650082238;0,794125211;0,631219159;0,768400494;0,800370067;0,833299066;0,82497259;0,099249601;0,359118015;0,099746446;0,286235601
124500;0,775544815;0,717979033;0,794767678;0,641794304;0,764648438;0,814350332;0,820655152;0,819284538;0,099660784;0,290039063;0,099472304;0,278885692
125000;0,770764805;0,683002673;0,817228619;0,635003344;0,775801811;0,816577574;0,813733553;0,820175439;0,099814951;0,37109375;0,100397468;0,269017279
125500;0,780761723;0,483629733;0,775082238;0,579705487;0,738384046;0,823087995;0,823876093;0,815755203;0,100020558;0,305509865;0,100226144;0,279348254
126000;0,799496301;0,56147204;0,801629316;0,608186424;0,744603206;0,814418857;0,824869797;0,821203401;0,099455178;0,342105269;0,100603084;0,270148039
126500;0,808516651;0,467927642;0,806949016;0,582011984;0,758352175;0,82151179;0,829598412;0,823293587;0,099969149;0,474352375;0,100363215;0,244654626
127000;0,800010279;0,483706821;0,793148644;0,580225895;0,74072266;0,790570175;0,82572643;0,81325384;0,100226134;0,359734774;0,166940808;0,244037837
127500;0,789088197;0,527446553;0,805561271;0,601221991;0,71191407;0,815206965;0,804893091;0,812671329;0,100071967;0,421360999;0,099575102;0,282791942
128000;0,778114721;0,432617199;0,800370067;0,568809114;0,789936267;0,807942703;0,8046875;0,811574837;0,09986636;0,43025288;0,099609375;0,264134467
128500;0,79296875;0,473041728;0,803248353;0,582705846;0,759662829;0,799170777;0,829392816;0,829906801;0,099917769;0,327354029;0,099369526;0,261564553
129000;0,810007196;0,599403784;0,801834911;0,619577511;0,800472863;0,81489857;0,819147478;0,809587444;0,100277573;0,288342923;0,100157638;0,267064154
129500;0,780581821;0,649336964;0,804096423;0,625475432;0,762181331;0,818839093;0,826445997;0,810820997;0,100637347;0,361842126;0,099986295;0,267886519
130000;0,777497944;0,560906649;0,79409951;0,599249586;0,745091487;0,807771385;0,823499178;0,821614583;0,099814951;0,468955591;0,100226164;0,26449424
130500;0,788522821;0,485171661;0,762541119;0,575105362;0,771921258;0,785361841;0,815344021;0,816200654;0,099609375;0,385896385;0,100294709;0,264185846
131000;0,818590663;0,468852796;0,798391238;0,595214848;0,775878906;0,806469301;0,832236841;0,8168517;0,100071967;0,510999173;0,10005482;0,295024693
131500;0,774439756;0,488795228;0,801886305;0,587248153;0,726716694;0,817982455;0,81986705;0,817537005;0,100174755;0,456106097;0,099643648;0,283871323
132000;0,799059417;0,518888768;0,796849299;0,599333103;0,726434007;0,802837173;0,811095119;0,80708607;0,099917769;0,45816201;0,099712153;0,282534927
132500;0,794484992;0,523591705;0,799804691;0,596853159;0,756399047;0,80431058;0,830797697;0,827473958;0,100226164;0,335577726;0,098958333;0,26953125
133000;0,811703328;0,554250617;0,80281147;0,596724656;0,804096423;0,814795782;0,809004933;0,818222314;0,100071937;0,263312072;0,099814971;0,218133211
133500;0,799727593;0,588199008;0,786980882;0,589471111;0,694618627;0,813013976;0,798279877;0,818564971;0,10099712;0,340717524;0,099300981;0,182976961
134000;0,740645558;0,446700238;0,777009659;0,563958418;0,768374797;0,815069904;0,80739446;0,823190788;0,100071937;0,418636918;0,166358272;0,291478217
134500;0,785875823;0,593004722;0,805638362;0,622892679;0,747892682;0,803659538;0,808559487;0,804070721;0,099712163;0,467259452;0,121504943;0,307051808
135000;0,796849299;0,631887335;0,802040499;0,614463401;0,760613695;0,805372804;0,829084426;0,80040433;0,100123376;0,285464644;0,099609375;0,227076471
135500;0,803865135;0,543174341;0,779708061;0,598054585;0,786261309;0,812260141;0,803556745;0,816577574;0,099969149;0,323807567;0,099677901;0,265470803
136000;0,7447831;0,591411401;0,812140212;0,599557981;0,744577501;0,801055372;0,825178181;0,827850878;0,099814981;0,287006587;0,100191891;0,249897212
136500;0,8071803;0,506424747;0,804353412;0,596538336;0,764057357;0,81325384;0,814178998;0,823910361;0,099146783;0,173468351;0,099952022;0,268194884
137000;0,800113075;0,504651524;0,81090666;0,583399723;0,76891448;0,799856082;0,812465732;0,826377466;0,100071937;0,289987683;0,10043174;0,217927635
137500;0,769916736;0,58362459;0,818847656;0,611263874;0,759611428;0,795709978;0,826171875;0,827611019;0,100123376;0,210217923;0,099232455;0,272666514
138000;0,798648231;0,63440584;0,796797905;0,628636416;0,768760279;0,813939149;0,816097861;0,819284538;0,099660784;0,231188297;0,099849224;0,284693688
138500;0,810341284;0,660464637;0,783974096;0,631668894;0,768734582;0,812876915;0,827028513;0,817091554;0,099969149;0,24609375;0,099814971;0,271895558
139000;0,80078125;0,677503079;0,786312711;0,640894841;0,783177428;0,816371982;0,835526317;0,829495614;0,10043174;0,370785356;0,100260417;0,298982322
139500;0,787649054;0,693616368;0,779296875;0,631585374;0,800138775;0,78868558;0,821820175;0,824664205;0,099917769;0,421155408;0,099952042;0,265779197
140000;0,775005139;0,693539266;0,796232522;0,64020739;0,753212377;0,812260141;0,81205455;0,825520838;0,100380361;0,320826471;0,100500286;0,296052635
140500;0,812988285;0,713790096;0,794459295;0,656674033;0,758583471;0,806880484;0,823190793;0,822813869;0,099712193;0,321391881;0,099780699;0,305458456
141000;0,796386723;0,717901934;0,80756579;0,649414063;0,752133019;0,819044684;0,825246712;0,814761515;0,100380361;0,366365135;0,100157599;0,275801808
141500;0,784102593;0,725303248;0,80571546;0,651739823;0,786903784;0,811334978;0,822060034;0,825143913;0,100071967;0,430407047;0,099952022;0,29183799
142000;0,769171469;0,7265625;0,801912006;0,644801092;0,765881989;0,814041942;0,828330591;0,813082516;0,100123346;0,49331826;0,10043174;0,281558394
142500;0,806023844;0,499177631;0,798339844;0,599076123;0,775493421;0,8090392;0,821066335;0,80821683;0,100226164;0,465049341;0,09967792;0,292763174
143000;0,819387335;0,522075456;0,793585524;0,606387485;0,75221011;0,806332236;0,837273851;0,815686673;0,100277573;0,406609774;0,100260417;0,290501624
143500;0,802605882;0,544973269;0,80355674;0,606605932;0,761821546;0,81955866;0,834532624;0,821991503;0,100123376;0,366827726;0,099917789;0,275287837
144000;0,795307357;0,536955174;0,788548522;0,59901187;0,76937706;0,825520833;0,794133773;0,831243152;0,099712163;0,390727788;0,100500286;0,275236428
144500;0,789859172;0,232755952;0,808645148;0,524902346;0,741956212;0,816543311;0,825966289;0,829221492;0,099763572;0,168636918;0,100363215;0,268349111
145000;0,799573399;0,308773637;0,809673108;0,551449429;0,75912315;0,799513429;0,818153784;0,83233964;0,099455178;0,299033731;0,100466013;0,287777573
145500;0,769299962;0,39173004;0,79875103;0,558998506;0,748123974;0,810478345;0,808559487;0,828638981;0,100020558;0,2421875;0,099814951;0,27621299
146000;0,805098683;0,43665193;0,797106292;0,580797697;0,73596834;0,830523575;0,822265625;0,830455045;0,100174755;0,331517249;0,100191911;0,284333885
146500;0,790630139;0,578150705;0,799804688;0,609130858;0,792094983;0,823499178;0,81671464;0,818016723;0,100277543;0,356136918;0,100123346;0,267937899
147000;0,784770764;0,591051601;0,806640629;0,619166323;0,768785972;0,819901317;0,816303457;0,818564971;0,100123346;0,376439154;0,100226164;0,294202298
147500;0,786723889;0,483090051;0,821134865;0,597238641;0,766318869;0,813836351;0,82226563;0,828776037;0,100534529;0,378546447;0,099917769;0,29800576
148000;0,769993831;0,599737875;0,828878835;0,622200943;0,778551601;0,81363076;0,798622529;0,828844572;0,099660784;0,378340855;0,10029467;0,29019323
148500;0,795435853;0,654296875;0,806674888;0,633938968;0,77037932;0,815035636;0,832716554;0,827097038;0,099712163;0,452919424;0,099986275;0,279348254
149000;0,794356499;0,681357935;0,769873902;0,627533496;0,744243421;0,793962439;0,833847314;0,809827303;0,09986636;0,283511519;0,10005482;0,264545649
149500;0,802425988;0,707056947;0,794956138;0,647347429;0,782817643;0,820072641;0,829495619;0,819078947;0,099506587;0,28125;0,099849224;0,284950644
150000;0,824527141;0,569284529;0,795470124;0,613482558;0,788085938;0,816817438;0,807086075;0,830180923;0,100277543;0,150185019;0,099335253;0,264648438
